-- MySQL dump 10.13  Distrib 8.0.31, for Win64 (x86_64)
--
-- Host: localhost    Database: registrohospital
-- ------------------------------------------------------
-- Server version	5.5.62

/*!40101 SET @OLD_CHARACTER_SET_CLIENT=@@CHARACTER_SET_CLIENT */;
/*!40101 SET @OLD_CHARACTER_SET_RESULTS=@@CHARACTER_SET_RESULTS */;
/*!40101 SET @OLD_COLLATION_CONNECTION=@@COLLATION_CONNECTION */;
/*!50503 SET NAMES utf8 */;
/*!40103 SET @OLD_TIME_ZONE=@@TIME_ZONE */;
/*!40103 SET TIME_ZONE='+00:00' */;
/*!40014 SET @OLD_UNIQUE_CHECKS=@@UNIQUE_CHECKS, UNIQUE_CHECKS=0 */;
/*!40014 SET @OLD_FOREIGN_KEY_CHECKS=@@FOREIGN_KEY_CHECKS, FOREIGN_KEY_CHECKS=0 */;
/*!40101 SET @OLD_SQL_MODE=@@SQL_MODE, SQL_MODE='NO_AUTO_VALUE_ON_ZERO' */;
/*!40111 SET @OLD_SQL_NOTES=@@SQL_NOTES, SQL_NOTES=0 */;

--
-- Table structure for table `departamento`
--

DROP TABLE IF EXISTS `departamento`;
/*!40101 SET @saved_cs_client     = @@character_set_client */;
/*!50503 SET character_set_client = utf8mb4 */;
CREATE TABLE `departamento` (
  `Depart_id` int(11) NOT NULL AUTO_INCREMENT,
  `Depart_Nombre` varchar(200) NOT NULL,
  `Loc` varchar(200) NOT NULL,
  PRIMARY KEY (`Depart_id`)
) ENGINE=InnoDB AUTO_INCREMENT=82 DEFAULT CHARSET=latin1;
/*!40101 SET character_set_client = @saved_cs_client */;

--
-- Dumping data for table `departamento`
--

LOCK TABLES `departamento` WRITE;
/*!40000 ALTER TABLE `departamento` DISABLE KEYS */;
INSERT INTO `departamento` VALUES (1,'Unidades Ambulatorias','77 Lyme Street'),(2,'Unidad de Diálisis','9448 Fairfield St.'),(3,'Centro de Cuidados Pediátricos','8143 College St.'),(4,'Unidades de Cuidados Críticos','9893 W. Vale Ave.'),(5,'Unidad de Cuidados Intensivo','8094 Albany Drive'),(6,'Unidad de Cuidados Intensivos Neonatales)','9001 Creek Street'),(7,'Unidad de Cuidados Intensivos Cardíacos','57 Green Drive'),(8,'Departamento de Emergencia','86 Surrey St.'),(9,'Centro de Cuidados Urgentes','8728 Boston Street'),(10,'Unidades de Pacientes Internados','45 Heritage Ave.'),(11,'Unidad de Hematología','9334 Hillside Street'),(12,'Unidad Quirúrgica/Ortopédica Pediátrica','611 Academy Street'),(13,'Unidad de Psiquiatría','7201 Mill Street'),(14,'Unidad de Neurología y Neurocirugía','59 Ridgewood Ave.'),(15,'Unidad de Nefrología/Gastroenterología','270 West Green Lake St.'),(16,'Unidad Respiratoria','9481 S. Chestnut St.'),(17,'Unidad Quirúrgica Médica Cardíaca','7 N. Annadale Street'),(18,'Unidad de Cuidado Infantil','88 Pheasant Rd.'),(19,'Anatomía','8 Galvin Street'),(20,'Bioquímica','9 Marconi Road'),(21,'Embriología','8842 Old Van Dyke Ave.'),(22,'Fisiología','471 S. Cambridge Drive'),(23,'Histología','9 Military Dr.'),(24,'Introducción a la Clínica','8388 Pheasant Street'),(25,'Farmacología y Toxicología','221 Dogwood Dr.'),(26,'Medicina Preventiva y Salud Pública','911 Charles St.'),(27,'Microbiología','176 Henry Smith Ave.'),(28,'Patología','323 1st St.'),(29,'Química Analítica','8127 Pawnee Lane'),(30,'Cirugía','7813 Helen Ave.'),(31,'Genética y Defectos Congénitos','353 Canterbury Dr.'),(32,'Ginecología y Obstetricia','61 Addison Dr.'),(33,'Medicina del Deporte','810 West Mill St.'),(34,'Medicina Familiar','51 Mayfair Court'),(35,'Medicina Interna','840 Oak Meadow Ave.'),(36,'Patología Clínica','257 Pheasant Drive'),(37,'Pediatría','30 N. Park Avenue'),(38,'Psiquiatría','850 School St.'),(39,'Radiología e Imagen','59 Atlantic Ave.'),(40,'Emergencias','74 Broadway'),(41,'Alergias e Inmunología Clínica','MK9 3EN'),(42,'Anatomía Patológica y Citopatología','CREWE'),(43,'Anestesiología','674 High Street'),(44,'Cardiología','CT76 6OB'),(45,'Cirugía General','DUNDEE'),(46,'Cirugía Cardiovascular','35 The Crescent'),(47,'Cirugía Plástica','SE42 3UM'),(48,'Consulta de Geriatría','DONCASTER'),(49,'Dermatología','94 The Avenue'),(50,'Endocrinología','BN0 6LJ'),(51,'Gastroenterología','STOCKPORT'),(52,'Ginecología','96 The Green'),(53,'Hematología','WD65 4RB'),(54,'Infectología','WAKEFIELD'),(55,'Inmunología','30 Main Road'),(56,'Medicina Crítica Pediátrica','NW96 2RV'),(57,'Medicina Forense','SHREWSBURY'),(58,'Nefrología','26 North Road'),(59,'Neumología y Cuidados Intensivos','EC18 9MF'),(60,'Neurocirugía','LLANDRINDOD WELLS'),(61,'Neurología','70 Green Lane'),(62,'Obstetricia','KA97 3AD'),(63,'Oftalmología','ROCHESTER'),(64,'Oncología','5 Kingsway'),(65,'Ortopedia y Traumatología','WA48 9PQ'),(66,'Otorrinolaringología','BIRMINGHAM'),(67,'Preescolares','3 Church Street'),(68,'Reumatología','CA46 0YA'),(69,'Trasplantes de Organos y Tejidos','REDHILL'),(70,'Urgencias Pediátricas','2 Manchester Road'),(71,'Urología','SA65 3HD'),(72,'Cirugía1','DUDLEY'),(73,'Genética y Defectos Congénitos2','9112 St. John’s Road'),(74,'Ginecología y Obstetricia3','WS53 7IY'),(75,'Medicina del Deporte4','SOUTH WEST LONDON'),(76,'Medicina Familiar','76 South Street'),(77,'Medicina Interna','NR38 3VK'),(78,'Patología Clínica2','SHEFFIELD'),(79,'Pediatría','92 Park Avenue'),(80,'Psiquiatría','WV82 8AJ'),(81,'Daniela','estudiante');
/*!40000 ALTER TABLE `departamento` ENABLE KEYS */;
UNLOCK TABLES;

--
-- Table structure for table `empleados`
--

DROP TABLE IF EXISTS `empleados`;
/*!40101 SET @saved_cs_client     = @@character_set_client */;
/*!50503 SET character_set_client = utf8mb4 */;
CREATE TABLE `empleados` (
  `Emple_Id` int(11) NOT NULL AUTO_INCREMENT,
  `Apellido` varchar(200) NOT NULL,
  `Oficio` varchar(150) NOT NULL,
  `Dir` varchar(190) NOT NULL,
  `Fecha_Alta` date NOT NULL,
  `Salario` double NOT NULL,
  `Commision` int(11) NOT NULL,
  `Depart_id` int(11) NOT NULL,
  PRIMARY KEY (`Emple_Id`),
  KEY `Depart_id` (`Depart_id`),
  CONSTRAINT `empleados_ibfk_1` FOREIGN KEY (`Depart_id`) REFERENCES `departamento` (`Depart_id`)
) ENGINE=InnoDB AUTO_INCREMENT=600 DEFAULT CHARSET=latin1;
/*!40101 SET character_set_client = @saved_cs_client */;

--
-- Dumping data for table `empleados`
--

LOCK TABLES `empleados` WRITE;
/*!40000 ALTER TABLE `empleados` DISABLE KEYS */;
INSERT INTO `empleados` VALUES (1,'Leandra Anna Malo Alba','enfermero','7943 S. Fifth Street','2019-10-19',1159,5,9),(2,'Severo Granados Iglesia','doctor','77 Lyme Street','2019-03-19',1922,15,12),(3,'Lucho Andreu Amat','seguridad','9448 Fairfield St.','2015-02-15',1523,9,24),(4,'Matías Mauricio Castillo Barrera','seguridad','8143 College St.','2016-01-16',1202,8,66),(6,'Isaura Leyre Avilés Pelayo','seguridad','8094 Albany Drive','2012-07-12',1181,12,64),(7,'Soraya Morera-Lago','seguridad','9001 Creek Street','2012-01-12',1009,8,68),(8,'Victoriano Tapia-Cabanillas','seguridad','57 Green Drive','2018-04-18',1311,7,67),(9,'Nidia Saez Campoy','seguridad','86 Surrey St.','2020-01-20',1929,20,32),(10,'Teófila Villanueva Molina','seguridad','8728 Boston Street','2013-04-13',2359,13,29),(11,'Trini de Alberdi','seguridad','45 Heritage Ave.','2018-09-18',1840,15,34),(12,'Dani Baena','seguridad','9334 Hillside Street','2012-04-12',2162,20,74),(13,'Angelina de Arregui','seguridad','611 Academy Street','2019-12-19',1423,20,37),(14,'Samuel de Carranza','seguridad','7201 Mill Street','2018-07-18',2270,3,58),(15,'Jacinta Montenegro Garcés','doctor','59 Ridgewood Ave.','2016-09-16',1009,8,14),(16,'Lisandro Delgado Nadal','doctor','270 West Green Lake St.','2012-12-12',1496,13,33),(17,'Samanta Manjón Godoy','doctor','9481 S. Chestnut St.','2016-10-16',1428,19,42),(18,'Albano Teodosio Cañete Rosa','doctor','7 N. Annadale Street','2017-10-17',2355,14,57),(19,'Abel Villanueva','doctor','88 Pheasant Rd.','2015-01-15',1189,3,58),(20,'Bienvenida Pulido Cózar','doctor','8 Galvin Street','2017-02-17',2430,16,80),(21,'Patricio Manzano Pomares','doctor','9 Marconi Road','2018-03-18',2587,8,3),(22,'Modesto de Casares','doctor','8842 Old Van Dyke Ave.','2016-05-16',2017,3,48),(23,'Berto del Morales','doctor','471 S. Cambridge Drive','2016-09-16',2532,16,74),(24,'Nuria Daniela Jáuregui Tejero','doctor','9 Military Dr.','2013-06-13',2862,13,13),(25,'Anastasia Pedrero Solera','doctor','8388 Pheasant Street','2018-07-18',1189,18,1),(26,'Purificación Salomé Ferrán Valero','doctor','221 Dogwood Dr.','2019-03-19',1002,1,12),(27,'Melania Cobos Lozano','doctor','911 Charles St.','2013-03-13',1787,19,24),(28,'Evangelina Font Lago','doctor','176 Henry Smith Ave.','2016-10-16',2684,5,35),(29,'Otilia Mercader Jimenez','doctor','323 1st St.','2020-07-20',1267,16,38),(30,'Nadia Reyes-Bosch','medico','8127 Pawnee Lane','2014-11-14',2650,7,59),(31,'Mireia Córdoba Pi','seguridad','7813 Helen Ave.','2017-03-17',1013,9,11),(32,'Melisa Rueda Rosado','seguridad','353 Canterbury Dr.','2012-10-12',2715,9,25),(33,'Trini Sanabria-Frías','seguridad','61 Addison Dr.','2016-02-16',1829,6,74),(34,'Lucía Manola Briones Jove','seguridad','810 West Mill St.','2015-08-15',2626,12,61),(35,'Natalio Pereira Barrio','seguridad','51 Mayfair Court','2012-03-12',2155,19,57),(36,'Nerea Alcalde Solé','seguridad','840 Oak Meadow Ave.','2016-11-16',2519,14,31),(37,'Gracia Goicoechea Alba','seguridad','257 Pheasant Drive','2018-11-18',2651,9,11),(38,'Toño Hidalgo Blázquez','seguridad','30 N. Park Avenue','2017-03-17',1368,17,21),(39,'Cándida Sedano Jiménez','seguridad','850 School St.','2017-10-17',1503,10,28),(40,'Eutimio Barreda Cobos','seguridad','59 Atlantic Ave.','2016-03-16',1972,2,78),(41,'Rosario Yuste Falcón','seguridad','74 Broadway','2020-02-20',2790,13,17),(42,'Encarnacion Español Ocaña','seguridad','MK9 3EN','2018-12-18',1985,12,61),(43,'Magdalena Vilaplana Esteve','seguridad','CREWE','2020-06-20',2826,18,16),(44,'Adelardo Novoa','seguridad','674 High Street','2017-09-17',1196,8,28),(45,'Adoración Rovira Zabala','seguridad','CT76 6OB','2012-04-12',1369,6,4),(46,'Ovidio Lamas','seguridad','DUNDEE','2015-07-15',2489,1,68),(47,'Reyes Julián Nogués','seguridad','35 The Crescent','2019-01-19',2681,6,38),(48,'Adoración Jurado Clemente','seguridad','SE42 3UM','2020-05-20',2087,3,78),(49,'Plácido Zabala Feijoo','cuidador','DONCASTER','2020-10-20',2418,5,16),(50,'Abel Alex Cueto López','cuidador','94 The Avenue','2012-12-12',2365,8,22),(51,'Miguela Sanmiguel Paz','cuidador','BN0 6LJ','2017-09-17',2443,17,10),(52,'Narcisa Villaverde Montes','cuidador','STOCKPORT','2018-12-18',1727,13,56),(53,'Leonardo Aller Bermúdez','cuidador','96 The Green','2020-02-20',2545,12,23),(54,'Javiera Bartolomé Torrens','cuidador','WD65 4RB','2012-10-12',1002,18,31),(55,'María Carmen de Fuster','cuidador','WAKEFIELD','2014-03-14',2221,10,45),(56,'Adán Fonseca Marin','cuidador','30 Main Road','2018-02-18',2229,19,36),(57,'Adalberto de Fabra','cuidador','NW96 2RV','2013-10-13',1509,5,3),(58,'Rosalinda Jaume Romero','cuidador','SHREWSBURY','2017-01-17',1274,16,57),(59,'Abigaíl Enríquez Carreras','cuidador','26 North Road','2020-05-20',2509,7,57),(60,'África Morcillo','cuidador','EC18 9MF','2019-01-19',1124,17,66),(61,'Gilberto Cárdenas-Esparza','cuidador','LLANDRINDOD WELLS','2012-12-12',1631,16,16),(62,'Marisela Posada Jover','seguridad','70 Green Lane','2013-03-13',2220,14,33),(63,'Begoña Claudia Coello Zabaleta','dentista','KA97 3AD','2015-05-15',2330,12,53),(64,'Marcos Arregui Sainz','dentista','ROCHESTER','2016-10-16',1259,5,66),(65,'Venceslás Sastre Peñalver','dentista','5 Kingsway','2016-10-16',2583,8,52),(66,'Febe Amaya','dentista','WA48 9PQ','2018-05-18',1223,3,75),(67,'Quirino Granados Verdugo','dentista','BIRMINGHAM','2017-01-17',1252,4,39),(68,'Imelda de Perea','dentista','3 Church Street','2017-11-17',2376,1,40),(69,'Isidora de Crespi','dentista','CA46 0YA','2014-10-14',1347,16,34),(70,'Balduino Martin Águila','dentista','REDHILL','2014-01-14',1953,10,3),(71,'Casandra Ramírez Canet','dentista','2 Manchester Road','2018-01-18',1929,5,48),(72,'Eustaquio Vigil Gil','dentista','SA65 3HD','2015-02-15',2419,15,19),(73,'Elvira del Espinosa','dentista','DUDLEY','2014-10-14',1547,2,36),(74,'Pía Huertas Manzanares','dentista','9112 St. John’s Road','2020-05-20',1274,13,11),(75,'Alberto Salas Báez','dentista','WS53 7IY','2020-05-20',2832,9,43),(76,'Sol Rosales Calvo','dentista','SOUTH WEST LONDON','2017-12-17',1073,6,35),(77,'Guiomar Folch Sanjuan','dentista','76 South Street','2020-11-20',2313,12,4),(78,'Nidia Pardo-Nuñez','dentista','NR38 3VK','2018-02-18',2550,18,10),(79,'Emperatriz Sabina Pastor Pedrero','dentista','SHEFFIELD','2016-01-16',2542,3,27),(80,'Ximena Jurado-Mata','velador','92 Park Avenue','2012-05-12',1423,3,36),(81,'Eugenio Aranda Falcón','velador','WV82 8AJ','2013-08-13',2671,15,28),(82,'Felicia del Palomo','velador','COVENTRY','2017-12-17',1399,6,34),(83,'Abel Uribe Cerro','velador','58 Highfield Road','2014-04-14',1960,1,42),(84,'Andrés Felipe Prado-Infante','velador','BB91 5XM','2012-06-12',2747,7,80),(85,'Jordi de Perea','velador','OUTER HEBRIDES','2018-05-18',2310,19,37),(86,'Ricarda Escrivá Cervera','velador','82 Windsor Road','2016-04-16',1310,17,63),(87,'Socorro Morales Guerrero','velador','PH82 4OY','2020-10-20',2722,17,17),(88,'Asunción Ágata Gutierrez Morera','velador','WESTERN CENTRAL LONDON','2018-04-18',2328,19,3),(89,'Jesús Frías Ibáñez','residente','10 Kings Road','2016-12-16',2526,20,32),(90,'Teodosio Niño','residente','WR45 4AU','2015-07-15',2089,18,56),(91,'Susana Vizcaíno Nuñez','residente','MANCHESTER','2012-10-12',1770,15,43),(92,'Abilio Cuéllar Rovira','residente','472 Mill Lane','2019-06-19',2313,3,62),(93,'Adora Alberto Rebollo','prediatria','RG6 1SR','2014-01-14',1045,4,3),(94,'Primitivo Jaén Garcés','prediatria','TORQUAY','2012-01-12',2497,18,60),(95,'Delfina Donoso','prediatria','80 Chester Road','2017-04-17',1784,9,41),(96,'Julio Fuster Vigil','prediatria','HA62 8DU','2012-09-12',2578,9,57),(97,'Cintia Carballo-Bayona','prediatria','PAISLEY','2015-11-15',2575,10,4),(98,'Fortunata Pascual Ribas','prediatria','304 Springfield Road','2019-03-19',2665,8,39),(99,'Lilia Figuerola Bauzà','prediatria','BD84 2HP','2020-09-20',2179,11,76),(100,'Pili Morell-Oliver','prediatria','CHESTER','2017-07-17',1487,1,69),(101,'Estrella Peñas Benito','prediatria','28 London Road','2018-03-18',1526,15,63),(102,'María Ángeles Roura Carnero','prediatria','HU74 4ER','2012-02-12',2843,4,38),(103,'Violeta Violeta Lamas Sarabia','prediatria','GUILDFORD','2014-09-14',1949,13,48),(104,'Ruben Marquez Belda','prediatria','597 New Street','2012-09-12',1682,13,55),(105,'Manola Criado','prediatria','DH29 2KQ','2015-11-15',2460,17,14),(106,'Rita Asensio Salgado','prediatria','DUMFRIES','2020-06-20',2546,15,10),(107,'Daniela Cabello Vallés','prediatria','41 Victoria Street','2016-04-16',1046,8,72),(108,'Nicolasa Aurelia Lasa Puig','prediatria','LE96 5AZ','2014-04-14',1410,5,45),(109,'Jonatan Trillo Larrañaga','prediatria','CHELMSFORD','2019-12-19',2513,15,25),(110,'Jose Francisco Alvarado Pombo','prediatria','48 Manor Road','2014-12-14',2636,10,33),(111,'Samanta Casandra Borrell Maestre','medico jefe','L52 8LM','2013-07-13',2507,4,31),(112,'Emilia María Luisa Lluch Vives','medico jefe','SUNDERLAND','2015-10-15',2794,1,31),(113,'Esteban Guillén Mena','medico jefe','33 York Road','2012-09-12',1922,5,49),(114,'Josué Rocha Juan','medico jefe','HD3 3KR','2019-09-19',1608,7,63),(115,'Encarnación Alemán-Prats','medico jefe','YORK','2017-05-17',2376,19,27),(116,'Celia Verdú','medico jefe','24 Rock Maple Lane','2015-04-15',1667,8,53),(117,'Espiridión del Viñas','medico jefe','376 South Griffin Street','2019-07-19',2371,10,42),(118,'Melania Lobato-Mena','medico jefe','7172 Halifax St.','2015-04-15',2460,13,55),(119,'Sosimo Roig Bayo','medico jefe','9530 Homewood St.','2017-08-17',2633,15,60),(120,'Abel Carrasco-Belda','medico jefe','3 Sunset Street','2018-06-18',2796,17,58),(121,'Alicia Celestina Ibáñez Santana','medico jefe','611 Linda Rd.','2017-09-17',1183,10,78),(122,'Conrado Torre','medico jefe','7088 South Woodland St.','2015-09-15',2660,8,72),(123,'Leoncio Pombo Nadal','medico jefe','78 Hamilton St.','2016-10-16',2239,9,47),(124,'Marcia Tomas','medico jefe','7576 S. Prince Ave.','2019-11-19',1833,10,15),(125,'Aurelia del Ocaña','medico jefe','8678 Glen Eagles Rd.','2014-05-14',2692,11,39),(126,'Porfirio Cases Fabregat','medico jefe','7487 College Rd.','2013-12-13',2014,8,22),(127,'Maristela Mármol','medico jefe','8 Westminster Ave.','2019-12-19',1911,7,50),(128,'Leticia Azorin Cortina','medico jefe','92 Brickell Drive','2014-09-14',2794,15,8),(129,'Régulo de Sacristán','medico jefe','503 Delaware Street','2019-02-19',1385,17,16),(130,'Esteban del Múñiz','medico jefe','34 Anderson Ave.','2019-08-19',1727,8,52),(131,'Trinidad Exposito Abella','medico jefe','8388 Water St.','2018-03-18',2707,10,41),(132,'Pánfilo Ortiz Pardo','medico jefe','373 Brickyard Avenue','2012-02-12',1666,6,80),(133,'Glauco Llorens Álvarez','medico jefe','834 Yukon Lane','2018-05-18',1737,2,57),(134,'Susanita Zaragoza Higueras','medico jefe','8324 South St.','2016-04-16',2345,3,55),(135,'Ileana Asunción Beltran Samper','medico jefe','8 White Ave.','2012-03-12',2594,8,55),(136,'Chus Merino Casas','medico jefe','907 Inverness Dr.','2018-01-18',1230,20,48),(137,'Carmina Cervera','medico jefe','12 Cypress Avenue','2017-01-17',1434,6,44),(138,'Curro Coello Izaguirre','medico jefe','7313 Bohemia Street','2018-04-18',2283,1,65),(139,'Mario Roldán','medico jefe','8518 Hilldale Lane','2019-10-19',1090,18,70),(140,'Jesusa Fuentes','medico nombrado','190 Sierra St.','2012-09-12',2375,12,63),(141,'Óscar Dominguez Mayol','medico nombrado','95 Studebaker Street','2017-05-17',2396,3,54),(142,'Angelino Contreras Pi','medico nombrado','1 Highland Ave.','2013-03-13',1681,1,46),(143,'Rafa Camino Perelló','medico nombrado','5 West Henry Smith Street','2016-02-16',1248,14,32),(144,'Aura Vidal-Roma','medico nombrado','940 E. Primrose Ave.','2014-03-14',1855,14,35),(145,'Lara Jordana Ballester Lladó','medico nombrado','8304 Van Dyke Avenue','2015-07-15',2536,7,64),(146,'Aníbal Castelló Sarabia','medico nombrado','86 Bradford Rd.','2015-05-15',2840,12,36),(147,'Adriana Higueras Ribes','medico nombrado','3 Jefferson Dr.','2015-05-15',1632,2,51),(148,'Ernesto Cuadrado Mesa','medico nombrado','79 Rocky River Ave.','2012-10-12',2067,20,6),(149,'Estela Ponce-Losada','medico nombrado','38 Johnson St.','2019-01-19',2223,3,29),(150,'Luis Miguel del Tapia','medico nombrado','7652 West Wakehurst Drive','2014-05-14',2313,20,35),(151,'Elpidio Agullo Tejero','medico nombrado','7075 Lake Forest Rd.','2019-07-19',2777,7,42),(152,'María Carmen Ródenas Acosta','medico nombrado','619 Pleasant St.','2019-02-19',1590,9,13),(153,'Lucas Vendrell Valverde','medico nombrado','8026 New Saddle St.','2014-02-14',1186,14,52),(154,'Gerardo Tomé Real','medico nombrado','275 Rock Maple Avenue','2017-02-17',2372,20,54),(155,'Elías Sacristán Vázquez','medico nombrado','404 Railroad St.','2017-07-17',2491,4,54),(156,'Victoriano Valencia Coloma','medico nombrado','441 Court Dr.','2017-06-17',2514,9,18),(157,'Vera Ribes-Cases','medico nombrado','9 South Theatre Ave.','2016-02-16',1191,16,1),(158,'Ligia Moya Calleja','medico nombrado','674 Van Dyke Drive','2013-12-13',1889,3,71),(159,'Evangelina Barragán Castell','medico nombrado','234 W. Riverside St.','2019-09-19',2068,19,64),(160,'Florencia Domitila Castell Mendizábal','medico nombrado','916 E. Cactus Ave.','2018-06-18',2087,4,76),(161,'Javier Arellano-Murcia','medico nombrado','218 Lake St.','2019-07-19',1953,5,60),(162,'Aurelia Sans Oller','medico nombrado','861 Oakland St.','2016-01-16',1297,19,23),(163,'Teodora Jerez Tormo','medico nombrado','8356 Bank Ave.','2019-11-19',2523,16,47),(164,'Cornelio Noguera Lluch','medico nombrado','9754 Brookside Street','2014-10-14',2019,4,25),(165,'Carla Serna Montalbán','medico nombrado','8718 Chapel Drive','2017-05-17',1400,18,7),(166,'Macarena Valeria Feliu Mayol','medico nombrado','9029 Bellevue Drive','2014-06-14',1475,7,28),(167,'Jacinta Paz Domingo Rivas','medico nombrado','277 Halifax Dr.','2017-07-17',2391,16,40),(168,'Victor Manuel Tejedor Nevado','medico nombrado','7889 Chapel Street','2020-03-20',1897,2,11),(169,'Blanca Molina Francisco','medico nombrado','487 East 6th St.','2013-05-13',2815,19,33),(170,'Jonatan Fonseca Quevedo','medico nombrado','51 Coffee St.','2012-05-12',2532,3,40),(171,'Humberto Vila','medico nombrado','9586 Sycamore Dr.','2013-07-13',2732,9,61),(172,'Isaura Fuentes Guardiola','medico nombrado','801 SW. Prairie St.','2016-04-16',2634,16,11),(173,'Rufina Vargas Andres','medico nombrado','830 High Point Court','2014-10-14',1171,13,60),(174,'Reinaldo Barral Lago','medico nombrado','791 Silver Spear Street','2015-06-15',1901,16,76),(175,'Jose Ignacio Vila-Rios','medico nombrado','8882 Old Smith Ave.','2018-04-18',2269,1,11),(176,'Roberto Cánovas Segura','medico nombrado','970 Myers Street','2016-02-16',1887,13,55),(177,'Rómulo Ortega-Giner','medico nombrado','948 Railroad Avenue','2018-08-18',1138,11,55),(178,'Gastón Leon Solana','medico nombrado','San Diego, CA 92114','2018-06-18',2737,12,79),(179,'Emilia Jove-Ropero','cirujano','Pico Rivera, CA 90660','2019-02-19',1299,11,30),(180,'Calixto Pinedo Torrijos','cirujano','Los Angeles, CA 90001','2014-08-14',1553,6,37),(181,'Ciro Ledesma Bru','cirujano','Modesto, CA 95350','2018-09-18',1957,15,14),(182,'Dora del Segarra','cirujano','Simi Valley, CA 93065','2020-10-20',2316,17,12),(183,'Juan Bautista de Salazar','cirujano','Los Angeles, CA 90004','2012-03-12',2035,2,28),(184,'Narciso del Anaya','cirujano','Folsom, CA 95630','2014-10-14',2350,20,23),(185,'Martirio Reina Malo Alonso','cirujano','Tulare, CA 93274','2018-06-18',1476,16,41),(186,'Maximiliano Maestre Mendizábal','cirujano','San Francisco, CA 94109','2018-07-18',1438,17,24),(187,'Noa Dominguez-Llorente','cirujano','Tracy, CA 95376','2020-10-20',1754,13,8),(188,'Miguel Mur Cruz','cirujano','Los Angeles, CA 90066','2020-09-20',2681,18,63),(189,'Gala Gimenez-Lasa','cirujano','Riverside, CA 92509','2013-07-13',1665,10,26),(190,'Saturnino Palacios Lamas','cirujano','Los Angeles, CA 90026','2020-03-20',2047,15,60),(191,'Ariel Castellanos Bauzà','cirujano','Fairfield, CA 94533','2019-01-19',1648,8,51),(192,'Trinidad Salas Gimenez','cirujano','Sylmar, CA 91342','2014-08-14',2220,11,32),(193,'Adalberto del Seco','cirujano','Daly City, CA 94015','2014-11-14',1630,2,39),(194,'Eustaquio Palacios Francisco','cirujano','Van Nuys, CA 91405','2020-05-20',2160,12,4),(195,'Susana Castro Ruiz','cirujano','Victorville, CA 92392','2012-01-12',1426,11,34),(196,'Emelina Melisa Palau Seco','cirujano','San Pedro, CA 90731','2016-02-16',1219,10,11),(197,'Sandalio Baeza Grande','cirujano','San Diego, CA 92115','2015-03-15',1520,15,66),(198,'Gregorio Guerrero Palomino','cirujano','Rancho Cucamonga, CA 91730','2014-09-14',2172,13,50),(199,'Socorro de Higueras','cirujano','Union City, CA 94587','2018-03-18',2136,7,32),(200,'Otilia Viana Torres','cirujano','Montebello, CA 90640','2016-05-16',2543,18,40),(201,'Luís Guzman Alsina','cirujano','San Francisco, CA 94122','2018-05-18',1086,5,17),(202,'Julie Rosa Lumbreras','cirujano','Costa Mesa, CA 92627','2020-09-20',2597,13,48),(203,'Samu Paulino Fabra Galvez','cirujano','Long Beach, CA 90813','2017-06-17',2287,14,22),(204,'Vicente Egea Sanchez','cirujano','Anaheim, CA 92801','2020-06-20',1653,7,79),(205,'Juan Carlos del Cordero','cirujano','Alameda, CA 94501','2016-06-16',1716,9,38),(206,'Carla Blanes España','cirujano','Oakland, CA 94601','2013-07-13',1040,9,80),(207,'Toribio Herranz Jurado','cirujano','Long Beach, CA 90805','2020-03-20',1451,8,19),(208,'América Rosell Ferrándiz','dentista','Merced, CA 95340','2018-07-18',1259,12,50),(209,'Inés Calderon Suarez','dentista','Huntington Park, CA 90255','2017-08-17',1152,15,79),(210,'Trinidad Leiva Ribera','dentista','San Jose, CA 95111','2017-08-17',2056,6,30),(211,'Luisa Saldaña Piñeiro','dentista','Santa Ana, CA 92704','2014-08-14',2405,2,45),(212,'Yago Diez Meléndez','dentista','Spring Valley, CA 91977','2020-03-20',2560,4,63),(213,'Alberto Rius Rius','dentista','Salinas, CA 93905','2020-11-20',2491,11,62),(214,'Beatriz Jimenez Antón','dentista','La Habra, CA 90631','2019-01-19',2542,13,40),(215,'Adolfo Gaya Canales','dentista','Fontana, CA 92336','2015-04-15',1079,20,21),(216,'Teófilo de Nuñez','dentista','Georgetown, ON L7G 9Y7','2012-09-12',1329,11,44),(217,'Bruno Cabezas Cordero','dentista','Donnacona, QC G3M 1C3','2015-04-15',2364,10,6),(218,'Pepe Juanito Adán Anaya','dentista','Manotick, ON K4M 6S8','2018-07-18',2109,2,18),(219,'Isabela Solé Nuñez','dentista','Essex, ON N0R 2G6','2014-01-14',1910,13,32),(220,'Amaya Izquierdo Gonzalo','dentista','Lockport, MB R1B 5H9','2013-11-13',2131,5,26),(221,'Gervasio del Galán','dentista','Bonnyville, AB T9N 2P9','2014-04-14',2452,11,49),(222,'Isaac Pujol-Yáñez','dentista','Petit-Rocher, NB E8J 4K5','2012-01-12',1494,7,20),(223,'Valerio Valentín Céspedes','dentista','Farnham, QC J2N 4J1','2017-03-17',2122,5,54),(224,'Cleto Benito Mendizábal','velador','Winnipeg, MB R2C 4A3','2018-07-18',1953,13,60),(225,'Erasmo Cabeza Martinez','dentista','Saint-Raymond, QC G3L 7P7','2017-09-17',2282,18,18),(226,'Quirino Rosario Vázquez Carvajal','nutrisonista','St. George, NB E5C 6A9','2013-12-13',1412,7,11),(227,'Marcos Alcántara Codina','nutrisonista','Port Moody, BC V3H 3N3','2019-05-19',2549,18,27),(228,'Paloma Abascal Lledó','nutrisonista','Delhi, ON N4B 2V1','2015-05-15',1413,10,19),(229,'Ana Sofía Nadal-Campo','nutrisonista','Oromocto, NB E2V 6A5','2017-08-17',2623,6,79),(230,'Estela Cases Peral','nutrisonista','Belledune, NB E8G 4R8','2012-08-12',1109,9,74),(231,'Borja Díez-Zorrilla','nutrisonista','Bouctouche, NB E4S 8M3','2014-08-14',1034,12,43),(232,'Eva María de Bertrán','nutrisonista','Caledon, ON L7C 9T6','2014-08-14',2044,19,12),(233,'Elena del Tomé','nutrisonista','Buena Vista, SK S2V 1L1','2018-03-18',1372,19,57),(234,'Iván de Manzanares','nutrisonista','Digby Neck, NS B0V 8H6','2013-08-13',1377,10,9),(235,'Adelina Roma Feijoo','nutrisonista','Outaouais-Sud, QC J0X 9K0','2018-07-18',1239,6,74),(236,'Joel Estévez','nutrisonista','Wetaskiwin, AB T9A 7X8','2014-05-14',1978,5,23),(237,'Úrsula Anabel Expósito Vazquez','nutrisonista','Steinbach, MB R5G 1B0','2013-04-13',1021,6,70),(238,'Manuelita Gilabert Manjón','nutrisonista','La Sarre, QC J9Z 2V9','2016-11-16',2576,15,61),(239,'Amparo Galván Polo','nutrisonista','Apohaqui, NB E5P 9G5','2017-08-17',1817,14,61),(240,'Amparo del Ayuso','nutrisonista','Lloydminster, SK S9V 5V1','2015-11-15',1292,12,60),(241,'Angélica del Ortuño','nutrisonista','Highlands, BC V9B 9L3','2020-04-20',2330,11,49),(242,'Amalia Itziar Sebastián Revilla','nutrisonista','Saint-Hippolyte, QC J8A 8X2','2014-07-14',1864,15,45),(243,'América Morán Peñalver','nutrisonista','Chestermere, AB T1X 8K6','2013-05-13',1297,16,21),(244,'Elisa de Chaparro','nutrisonista','Leduc, AB T9E 6E1','2020-11-20',1711,4,49),(245,'Nieves Lladó','nutrisonista','Vancouver, BC V5K 7G2','2012-09-12',1956,11,42),(246,'Juan Antonio Benet','nutrisonista','Esquimalt, BC V9A 7T3','2015-11-15',1132,2,62),(247,'Gustavo Barberá Frías','nutrisonista','Coldbrook, NS B4R 8S2','2014-07-14',1459,3,10),(248,'Eliana Pacheco Ponce','ayudante de limpieza','Windsor, ON N8P 8C9','2016-06-16',1155,19,3),(249,'Dalila Pino Verdú','ayudante de limpieza','Kanata, ON K2K 4A8','2017-05-17',1372,7,41),(250,'Marciano Díaz','ayudante de limpieza','McAdam, NB E6J 7T4','2016-04-16',2895,10,43),(251,'Timoteo Pinilla Calderón','ayudante de limpieza','Hanover, ON N4N 0G1','2017-07-17',2170,2,66),(252,'Malena Roma Barrena','ayudante de limpieza','Ottawa, ON K1G 0J7','2020-05-20',2134,8,15),(253,'Silvia León Duque','ayudante de limpieza','Mississauga, ON L4T 3V7','2013-12-13',2829,20,74),(254,'Ema del Garrido','ayudante de limpieza','Wallaceburg, ON N8A 3M8','2012-06-12',2296,8,27),(255,'Eva González Cano','ayudante de limpieza','Windsor, LB A2B 0T8','2013-09-13',2356,8,65),(256,'Eutropio Sedano Cabanillas','ayudante de limpieza','Cowansville, QC J2K 8Y0','2015-07-15',1840,14,45),(257,'Dafne Cerdán Pujol','ayudante de limpieza','Duvernay-Est, QC H7A 4A9','2014-11-14',1354,3,10),(258,'Óscar de Mascaró','ayudante de limpieza','Pitt Meadows, BC V3Y 0T2','2012-11-12',1203,6,5),(259,'Catalina Peralta Patiño','ayudante de limpieza','Amqui, QC G5J 8E3','2014-02-14',2130,7,21),(260,'Bárbara Elorza Jordá','gerente','Enfield, NS B2T 5S6','2020-08-20',1501,18,31),(261,'Loreto Burgos','gerente','St. Martins, NB E5R 1J6','2014-11-14',1177,6,41),(262,'Estela Marquez Arce','gerente','Stouffville, ON L4A 6L1','2019-03-19',2475,2,78),(263,'Paloma Segarra Menéndez','gerente','Kings County, NS B0P 9R3','2015-12-15',2372,9,23),(264,'Claudio Maximino Cobos Córdoba','gerente','Fort Saskatchewan, AB T8L 4M9','2015-06-15',1368,11,74),(265,'Josefina Rey Meléndez','gerente','Laurentides-Sud, QC J0V 3M7','2013-09-13',1284,17,52),(266,'Nilda de Garrido','gerente','Black Lake, QC G6H 5M3','2020-06-20',1936,5,67),(267,'Gregorio Llabrés-Rebollo','gerente','Charny, QC G6X 9G6','2015-07-15',2220,4,57),(268,'Edmundo de Marco','gerente','Okotoks, AB T1S 0P8','2015-04-15',1022,18,59),(269,'Amaya Ruiz Campoy','gerente','Boiestown, NB E6A 0J5','2012-07-12',2575,15,32),(270,'Nacio Perera Lerma','gerente','Port Alberni, BC V9Y 6C7','2020-04-20',2757,19,47),(271,'Damián Vicens Cabrera','gerente','Cochrane, AB T4C 6R2','2015-07-15',1545,16,79),(272,'Marcela Teófila Arnal Lasa','gerente','Hampton, NB E5N 2B1','2020-01-20',2157,13,53),(273,'Reina Losada Alfonso','gerente','Grand Manan Island, NB E5G 6V4','2014-08-14',1519,10,71),(274,'Isa Arenas Mariscal','gerente','Petawawa, ON K8H 6P6','2013-04-13',1743,13,20),(275,'Morena Roura','gerente','Cap-Rouge, QC G1Y 7T2','2014-09-14',1439,20,39),(276,'Odalys Benítez','gerente','Prince Rupert, BC V8J 9N3','2019-09-19',2741,7,23),(277,'Emma del Amor','gerente','Acton, ON L7J 3T8','2018-03-18',1888,13,6),(278,'Seve Villanueva Anaya','gerente','Lac-Megantic, QC G6B 4L9','2016-09-16',1623,19,71),(279,'Montserrat Armas Salamanca','gerente','Innisfail, AB T4G 7N5','2016-03-16',1525,7,60),(280,'Ildefonso Feliu Esteban','gerente','Le Fjord, QC G0T 3E3','2014-10-14',1181,7,67),(281,'Ligia Ocaña Arregui','gerente','Grande-Anse, NB E8N 7C1','2012-12-12',1763,9,63),(282,'Sarita Neira Toro','gerente','Kimberley, BC V1A 5S2','2012-02-12',1024,5,13),(283,'Timoteo Pacheco Pozo','gerente','St. Albert, AB T8N 8R8','2013-10-13',2623,3,38),(284,'Ester Anabel Fabregat Nuñez','gerente','Bass River, NB E4T 4R0','2017-10-17',1610,5,62),(285,'Rosenda Villanueva Herrera','gerente','Parksville, BC V9P 5L2','2019-07-19',1129,11,68),(286,'Ariel Gallego Diego','gerente','La Plaine, QC J7M 5N3','2018-03-18',2021,5,23),(287,'Juliana Alarcón Molins','gerente','Leamington, ON N8H 0N3','2015-03-15',2248,14,20),(288,'Catalina Méndez','gerente','Strathmore, AB T1P 9V5','2016-09-16',2682,6,14),(289,'Susanita Pascual Salamanca','gerente','Youngs Cove, NB E4C 4K5','2014-01-14',1050,4,32),(290,'Dimas Rafael Polo Bravo','gerente','Chatham, QC J8G 7X7','2012-12-12',1036,19,66),(291,'Anabel Pou Lasa','gerente','Eskasoni, NS B1W 1S9','2013-08-13',1476,18,30),(292,'Nadia Natividad Marco Flores','gerente','Parry Sound, ON P2A 5R6','2013-07-13',2266,18,45),(293,'Máximo Téllez Ferrera','gerente','Lanaudière-Nord, QC J0K 8T8','2015-07-15',1158,20,41),(294,'Gala Clarisa Ballesteros Llopis','gerente','Saint-Colomban, QC J5K 6C2','2019-06-19',1474,3,17),(295,'Amancio Aliaga Sierra','gerente','Huntsville, ON P1H 2C9','2016-03-16',1408,17,37),(296,'César Nogués Tomás','gerente','Lachute, QC J8H 9V1','2016-03-16',1713,6,21),(297,'Brígida Jove Carretero','gerente','St. Stephen, NB E3L 2A8','2014-02-14',2543,19,76),(298,'Vito del Abad','gerente','Îles-Laval, QC H7Y 1X2','2014-02-14',2020,1,29),(299,'Nayara Fanny Juliá Sierra','gerente','Grand Falls, LB A2A 2C6','2020-06-20',1393,12,49),(300,'Isidoro Salas Marqués','gerente','Ville Émard, QC H4E 1K4','2016-05-16',1004,6,15),(301,'Vicente Palomino Adadia','gerente','Napanee, ON K7R 6V1','2012-02-12',2446,5,31),(302,'Sandalio de Figueroa','gerente','Woodstock, NB E7M 8P6','2015-09-15',1831,7,43),(303,'Elodia Pinto','gerente','Dorchester, NB E4K 6V5','2015-07-15',2181,16,67),(304,'Felipe Carro Ramis','gerente','Greely, ON K4P 4T2','2020-11-20',2606,12,66),(305,'Ana Belén Alvarado Bueno','gerente','Boucherville, QC J4B 9T3','2018-07-18',2172,17,47),(306,'Marisela Sanmiguel Pedraza','gerente','Lacombe, AB T4L 0S1','2015-04-15',1111,1,75),(307,'Jesusa Benavente Ferrández','jefe','Labrador City, LB A2V 8L0','2014-02-14',2542,16,45),(308,'Alonso Díaz Donoso','jefe','Grimsby, ON L3M 5X9','2016-06-16',1840,9,34),(309,'Filomena Pombo Pla','jefe','Cobourg, ON K9A 5G0','2012-04-12',1181,10,7),(310,'Cristóbal Cabello-Pol','jefe','Chelsea, QC J9B 5K1','2019-09-19',2269,11,69),(311,'Maribel Murillo Alcaraz','jefe','Qualicum Beach, BC V9K 4J5','2019-12-19',1495,7,77),(312,'Mayte Cuesta Acosta','jefe','Dunnville, ON N1A 2R5','2016-10-16',1330,14,15),(313,'Remigio Villalonga Roman','jefe','Vimont, QC H7M 0J1','2019-11-19',1931,18,40),(314,'Vanesa Villaverde','jefe','Port Perry, ON L9L 6K8','2015-11-15',2436,4,12),(315,'Maristela Corbacho Alegria','jefe','Saint Petersburg, FL 33710','2015-05-15',1897,9,48),(316,'Manuelita Cervera Botella','jefe','Miami, FL 33135','2018-11-18',2001,1,64),(317,'Borja Canet Gallo','jefe','New Port Richey, FL 34653','2014-12-14',2551,10,63),(318,'Clotilde Chita Fábregas Toro','jefe','Fort Lauderdale, FL 33312','2015-05-15',1084,18,74),(319,'Olimpia Girona Paredes','jefe','Tampa, FL 33614','2019-12-19',2400,15,73),(320,'Rubén de Arribas','jefe','Jacksonville, FL 32205','2020-03-20',2588,4,13),(321,'Édgar Manu Suárez Anglada','jefe','Miami, FL 33161','2012-04-12',1548,6,21),(322,'Luna Morcillo Carretero','jefe','Bradenton, FL 34205','2012-01-12',2470,1,38),(323,'Eladio Salcedo Cabanillas','pedriatria','Fort Myers, FL 33912','2014-01-14',2387,16,55),(324,'Gisela Cámara Duarte','pedriatria','Tampa, FL 33624','2015-01-15',1580,3,22),(325,'Nicanor de Moliner','pedriatria','Opa Locka, FL 33055','2016-05-16',1194,7,69),(326,'Rosario Paz Figueroa','pedriatria','Winter Haven, FL 33880','2012-12-12',2085,1,29),(327,'Gloria Esteve Perez','pedriatria','Lake Worth, FL 33460','2017-01-17',2225,12,43),(328,'Alexandra Pedrosa Asensio','pedriatria','Lake Wales, FL 33853','2019-10-19',2250,4,22),(329,'Lucho Lucio Gallart Bartolomé','pedriatria','Fort Lauderdale, FL 33309','2014-01-14',1380,3,79),(330,'Lola Vanesa Roda Verdejo','pedriatria','Fort Lauderdale, FL 33322','2012-09-12',1216,14,11),(331,'Alejandra Alvarado-Rocamora','pedriatria','Fort Lauderdale, FL 33319','2012-12-12',2607,11,12),(332,'Cristina Navas Sanz','pedriatria','Boca Raton, FL 33428','2017-07-17',1538,3,4),(333,'Desiderio Vizcaíno Seguí','pedriatria','Hallandale, FL 33009','2018-01-18',2522,16,71),(334,'Nélida Gallart Ochoa','pedriatria','Pensacola, FL 32526','2020-07-20',1686,11,20),(335,'Áurea Sandoval Robles','pedriatria','Hollywood, FL 33029','2012-07-12',1181,3,10),(336,'Bibiana Azcona','pedriatria','Miami, FL 33179','2018-12-18',1752,8,25),(337,'Marcos Arnal Sola','pedriatria','Miami, FL 33183','2013-08-13',2357,14,26),(338,'Soledad Ani Garrido Duran','pedriatria','Pompano Beach, FL 33063','2020-05-20',1781,6,23),(339,'Rodolfo Duilio Terrón Serrano','pedriatria','Lakeland, FL 33801','2014-01-14',2132,16,58),(340,'Carolina Ferreras Bolaños','pedriatria','Hialeah, FL 33013','2014-06-14',2149,2,78),(341,'Eladio Querol','pedriatria','West Palm Beach, FL 33411','2017-10-17',2093,11,62),(342,'Irene Orozco Millán','pedriatria','Jacksonville, FL 32208','2018-01-18',2804,11,6),(343,'Yago Heredia Francisco','pedriatria','Orlando, FL 32812','2017-03-17',1094,5,50),(344,'Hernán Diego Ferreras','pedriatria','West Palm Beach, FL 33415','2018-12-18',1980,16,1),(345,'Darío Severino Falcón Rodríguez','pedriatria','Orlando, FL 32810','2012-09-12',1966,16,73),(346,'Eli Rovira Busquets','pedriatria','Pompano Beach, FL 33064','2012-04-12',1144,13,55),(347,'Remedios Barbero Calderón','pedriatria','Key West, FL 33040','2015-06-15',1926,1,48),(348,'Telmo Azcona Huerta','pedriatria','Panama City, FL 32404','2018-10-18',1262,18,77),(349,'Jose Luis Salgado Monreal','pedriatria','Hollywood, FL 33025','2012-05-12',1546,10,66),(350,'Maximiliano Ferrer Solé','pedriatria','Winter Springs, FL 32708','2018-09-18',1563,9,42),(351,'Seve Pellicer Arévalo','pedriatria','Miami, FL 33162','2013-03-13',2785,6,76),(352,'Poncio Gallart Cano','pedriatria','Miami, FL 33175','2014-10-14',1971,8,6),(353,'Abril Morante-Portero','pedriatria','Port Orange, FL 32127','2018-06-18',1672,18,26),(354,'Alondra Arroyo Moraleda','pedriatria','Tampa, FL 33617','2013-07-13',2802,8,41),(355,'Nando Neira Garcia','pedriatria','Fort Lauderdale, FL 33321','2018-10-18',2055,19,80),(356,'Soraya Puig Estrada','pedriatria','Hollywood, FL 33021','2018-09-18',2551,13,57),(357,'Teresita Ferrera Bernat','pedriatria','Dunedin, FL 34698','2019-09-19',1960,17,6),(358,'Ignacio Mendez Casanovas','pedriatria','West Palm Beach, FL 33414','2015-09-15',1105,8,42),(359,'Isabel Bayo Sanchez','pedriatria','Lake Worth, FL 33467','2012-06-12',2109,15,51),(360,'Ligia Linares Isern','pedriatria','Miami, FL 33196','2012-02-12',1400,13,33),(361,'Simón Gaya Vallejo','pedriatria','Orlando, FL 32818','2015-03-15',2727,12,68),(362,'Chus Larrañaga Hernando','pedriatria','Orlando, FL 32839','2015-03-15',1344,4,37),(363,'Ángeles Arévalo Balaguer','pedriatria','Brandon, FL 33511','2015-05-15',2233,6,2),(364,'Benito Juan Francisco Aramburu Fiol','pedriatria','Valrico, FL 33594','2019-03-19',1321,19,17),(365,'Amaya Valderrama Gomis','pedriatria','Melbourne, FL 32935','2019-02-19',1759,1,16),(366,'Beatriz Rodriguez Iborra','pedriatria','Jacksonville, FL 32209','2014-02-14',1225,11,75),(367,'Amílcar Ortega Gallo','pedriatria','Fort Lauderdale, FL 33334','2012-09-12',2477,18,63),(368,'Seve Laguna-Bas','pedriatria','Jupiter, FL 33458','2020-10-20',1039,15,20),(369,'Francisco Javier Coloma','pedriatria','Deltona, FL 32738','2014-07-14',1503,4,4),(370,'Erasmo Crespo Gallego','pedriatria','Boynton Beach, FL 33435','2016-03-16',1006,18,15),(371,'Octavio Perelló-Losada','jefe','Fort Lauderdale, FL 33351','2019-07-19',1861,9,27),(372,'Camila Leticia Arévalo Cuenca','jefe','Palm Harbor, FL 34683','2015-10-15',2156,2,8),(373,'Áurea Manuela Piñol Bernal','jefe','Homestead, FL 33033','2013-09-13',2168,12,72),(374,'Carina Arcos Vara','jefe','Orlando, FL 32837','2016-03-16',2339,14,2),(375,'Yago Baró Garmendia','jefe','Boca Raton, FL 33433','2013-05-13',2489,10,24),(376,'Antonio Folch Grande','jefe','Tampa, FL 33612','2016-11-16',1919,10,64),(377,'Jose Ramón de Aguilera','jefe','Miami, FL 33134','2012-07-12',2869,1,73),(378,'Dulce Caridad Rojas Ángel','jefe','Daytona Beach, FL 32119','2012-06-12',1525,4,31),(379,'Cruz Benítez','jefe','Jacksonville, FL 32257','2013-03-13',1846,12,26),(380,'Fabio Carnero Boix','jefe','Miami, FL 33165','2012-08-12',1724,7,31),(381,'Nayara Casanovas Alarcón','jefe','Miami, FL 33177','2013-02-13',2312,19,37),(382,'Miguel Villegas Jover','jefe','Gainesville, FL 32608','2014-11-14',2213,3,32),(383,'Ildefonso Guillén Arrieta','jefe','Port Saint Lucie, FL 34952','2013-06-13',2169,15,78),(384,'Jose Ignacio Armas Ramírez','jefe','Tallahassee, FL 32303','2018-10-18',1058,15,47),(385,'María Jesús Celestina Casas Carrasco','jefe','Tallahassee, FL 32304','2014-12-14',2624,15,51),(386,'Mamen Ledesma Escribano','jefe','Casselberry, FL 32707','2015-07-15',2458,8,67),(387,'Ambrosio Casanovas Piquer','jefe','Miami, FL 33176','2013-09-13',1909,7,6),(388,'Joan Ferrán Alegria','jefe','Lake Worth, FL 33463','2014-09-14',2474,15,8),(389,'Vasco Tamayo Barrio','jefe','Hollywood, FL 33024','2017-12-17',1141,10,1),(390,'Leire Aroa Alfaro Olmo','jefe','Hialeah, FL 33018','2016-05-16',1236,16,79),(391,'Felix Guardia Arenas','jefe','Miami, FL 33173','2014-08-14',1943,11,17),(392,'Gloria Dalmau-Bolaños','jefe','Miami, FL 33193','2017-03-17',2190,12,55),(393,'Eliana Solsona Girón','jefe','Tampa, FL 33615','2020-09-20',2248,5,38),(394,'Liliana Valdés Bilbao','jefe','Jacksonville, FL 32225','2017-03-17',2766,17,60),(395,'Tomasa Feijoo Alvarado','jefe','Miami, FL 33186','2017-12-17',1103,12,79),(396,'José Ángel Vélez Vila','jefe','Pensacola, FL 32503','2020-11-20',1951,15,17),(397,'Pío Roma-Estevez','jefe','Lakeland, FL 33813','2012-02-12',1944,17,14),(398,'Amelia Tello-Toledo','jefe','Sarasota, FL 34231','2013-06-13',1950,13,52),(399,'Roberta de Lamas','jefe','Boynton Beach, FL 33436','2016-12-16',1985,11,20),(400,'Primitivo Melero Daza','jefe','Pompano Beach, FL 33068','2012-07-12',2570,17,3),(401,'Benigno Sanz Gomis','jefe','Orlando, FL 32808','2012-02-12',2327,4,76),(402,'Reyna Rivas Porcel','jefe','Oviedo, FL 32765','2013-08-13',2320,11,15),(403,'Olivia Goñi','jefe','Orlando, FL 32811','2017-08-17',2023,10,3),(404,'Isaac Morcillo-Calvo','jefe','Cape Coral, FL 33904','2012-08-12',2284,9,12),(405,'Asdrubal Franco Montaña','jefe','Middleburg, FL 32068','2016-09-16',2824,17,24),(406,'Alexandra Ámbar Armengol Campos','jefe','Jacksonville, FL 32244','2014-10-14',2007,7,76),(407,'Calisto Menéndez','jefe','Ormond Beach, FL 32174','2020-04-20',1506,9,41),(408,'Graciana Cintia Iñiguez Heras','jefe','Hialeah, FL 33010','2015-09-15',2767,15,3),(409,'Mayte Duarte Alfonso','jefe','Miami, FL 33157','2012-07-12',2500,4,44),(410,'María Teresa Llamas Mariño','jefe','Altamonte Springs, FL 32714','2016-05-16',1196,18,59),(411,'Federico Pizarro Coello','jefe','Orlando, FL 32825','2014-05-14',2477,20,47),(412,'Pacífica Córdoba','jefe','Fort Lauderdale, FL 33317','2018-03-18',1737,3,43),(413,'Rosa Jiménez-Galvez','jefe','Tampa, FL 33610','2013-01-13',2388,14,55),(414,'Martirio Bonet','jefe','Miami, FL 33155','2014-03-14',2725,14,58),(415,'Ruy Roldan Lara','jefe','Deltona, FL 32725','2012-05-12',2410,20,48),(416,'Felisa Múgica Gomez','jefe','Palm Bay, FL 32907','2016-01-16',2740,17,52),(417,'Anselma Valentín Malo','jefe','Tampa, FL 33604','2018-06-18',1863,9,59),(418,'Lino de Busquets','jefe','Jacksonville, FL 32224','2017-10-17',1780,3,14),(419,'Sandra Leiva Aguiló','jefe','Saint Petersburg, FL 33713','2015-03-15',1385,4,48),(420,'Federico Gutiérrez Tamarit','jefe','Fort Lauderdale, FL 33313','2018-02-18',1081,15,20),(421,'Aristides Exposito Sánchez','jefe','Venice, FL 34293','2015-04-15',1865,11,57),(422,'Claudia Ibañez Peñas','jefe','Orlando, FL 32835','2019-08-19',1437,5,74),(423,'Roque Bejarano','jefe','Jacksonville, FL 32246','2019-02-19',2837,2,74),(424,'Sergio Font Mínguez','jefe','Hollywood, FL 33023','2018-05-18',2218,11,52),(425,'Luisina Chus Acosta Losa','jefe','Jacksonville, FL 32211','2019-09-19',1612,5,27),(426,'Eusebia Torre Dalmau','jefe','Opa Locka, FL 33056','2014-08-14',2169,18,32),(427,'Pedro Sancho-Garrido','jefe','Miami Beach, FL 33141','2018-08-18',2737,14,64),(428,'Blanca Lluch Gonzalo','jefe','Pompano Beach, FL 33065','2017-12-17',1660,5,5),(429,'Benito Aranda Olivera','jefe','Miami, FL 33125','2019-01-19',1431,17,59),(430,'Juan Lerma Melero','jefe','Miami, FL 33172','2013-09-13',1142,13,60),(431,'Nayara Fuster Cuesta','jefe','Tallahassee, FL 32308','2016-05-16',1405,2,52),(432,'Maricela Mendizábal-Tejera','jefe','Sarasota, FL 34232','2013-07-13',2141,11,2),(433,'Silvio Ledesma Planas','jefe','Miami, FL 33126','2012-09-12',1081,2,72),(434,'Ovidio García Gabaldón','jefe','Arcadia, FL 34266','2019-07-19',1999,12,28),(435,'Marina Gisbert Huertas','jefe','Daytona Beach, FL 32114','2019-06-19',1296,12,15),(436,'Nazaret Pina Solé','jefe','Miami, FL 33142','2018-08-18',2557,2,4),(437,'Valentina del Diaz','jefe','Riverview, FL 33569','2014-05-14',2738,4,46),(438,'José Antonio Lluch Gutiérrez','jefe','Leesburg, FL 34748','2012-12-12',1492,4,26),(439,'María Belén Ortega Alvarez','jefe','Hialeah, FL 33015','2013-04-13',1949,17,2),(440,'Manuelita Barroso-Coloma','jefe','Hialeah, FL 33014','2020-10-20',2874,1,43),(441,'Carmelo Valentín Mancebo','jefe','Fort Lauderdale, FL 33311','2016-09-16',2593,13,10),(442,'Jose Ramón Nicolás Marco','jefe','Pensacola, FL 32514','2016-06-16',1090,12,58),(443,'Ruben del Azorin','jefe','Hialeah, FL 33012','2014-06-14',2222,1,4),(444,'Jordana Riba','jefe','Winter Park, FL 32792','2020-06-20',2616,16,20),(445,'Brunilda Giralt','jefe','Palmetto, FL 34221','2015-05-15',1603,7,71),(446,'Jose Valenciano Osuna','jefe','Jacksonville, FL 32207','2019-12-19',2370,8,33),(447,'Inés Gil-Miralles','jefe','Clermont, FL 34711','2013-10-13',2057,4,8),(448,'Pío del Lastra','jefe','Kissimmee, FL 34741','2014-06-14',1037,14,30),(449,'Amílcar Valera','jefe','Sanford, FL 32771','2014-07-14',2530,17,67),(450,'Laura del Hernandez','jefe','Pensacola, FL 32506','2016-12-16',1732,19,38),(451,'Encarnación Iborra','jefe','Pompano Beach, FL 33071','2020-05-20',2145,20,70),(452,'Nicolasa de Verdugo','jefe','Suite 3','2019-04-19',1473,1,33),(453,'Evaristo Loreto Ferrer Mariño','jefe','231 Marsh Lane','2015-06-15',1472,14,55),(454,'Esmeralda Visitación Menéndez Alemán','jefe','2 West Vine St.','2012-07-12',1903,5,10),(455,'Manuel Melero Palomo','jefe','62 Homewood Street','2014-02-14',1045,3,4),(456,'Paca Verdejo Mayoral','jefe','95 Delaware Dr.','2016-09-16',1033,16,20),(457,'Regina del Parejo','jefe','8133 Sycamore Street','2020-09-20',2247,4,3),(458,'Águeda Giménez Serna','jefe','8546 Ketch Harbour Ave.','2017-07-17',2116,10,72),(459,'Anastasio Montesinos García','jefe','8683 South Drive','2020-02-20',1359,12,24),(460,'Marisela Quintero Quintero','jefe','17 Silver Spear Drive','2012-01-12',1422,10,6),(461,'Isaac Espada Madrigal','jefe','60 Lower River St.','2020-08-20',1889,16,11),(462,'Luciana Gaya Álvaro','jefe','9661 Aspen St.','2013-01-13',2392,7,30),(463,'Samanta Olmedo','jefe','265 Mill Pond Dr.','2017-03-17',1628,1,78),(464,'Osvaldo Atilio Jover Herrera','jefe','7440 Cherry Hill Court','2018-05-18',1350,15,2),(465,'Tere Montenegro Expósito','jefe','8958 Golf St.','2013-12-13',2783,19,27),(466,'Nicodemo Alegre-Izquierdo','jefe','654 S. Jones Street','2015-12-15',2325,8,77),(467,'Adelardo Chico-Cuesta','jefe','735 E. Newbridge St.','2020-11-20',2120,10,71),(468,'Dorotea Diez Aznar','jefe','607 Cherry Hill Street','2014-06-14',2259,7,76),(469,'Donato Noguera Mármol','jefe','732 Prince Lane','2013-12-13',1901,8,13),(470,'María Del Carmen Benítez-Lozano','jefe','27 Grandrose Ave.','2012-09-12',2037,11,42),(471,'Roxana Sanjuan Nieto','jefe','895 Sleepy Hollow St.','2016-10-16',2785,13,43),(472,'Primitiva Villalba Valenciano','jefe','767 North Miller St.','2017-11-17',1607,4,27),(473,'Aura Manzano Pedrero','jefe','7049 Water Road','2016-02-16',1571,5,60),(474,'Sabas Macario Murcia Quintanilla','jefe','17 South Court','2016-12-16',2688,3,20),(475,'Apolinar Falcón-Cadenas','jefe','9198 West Grant Street','2019-07-19',1349,10,9),(476,'Horacio Gallego Matas','jefe','50 Lawrence Rd.','2017-09-17',1606,8,23),(477,'Curro Cañellas-Abad','jefe','858 Race St.','2012-11-12',1865,19,56),(478,'Julio Corominas','jefe','93 East Longbranch Dr.','2019-04-19',2454,5,42),(479,'Dominga Olmedo Lara','jefe','19 Victoria Street','2018-07-18',2181,17,38),(480,'Norberto Cortés Coca','jefe','NW48 5MP','2019-10-19',1024,5,58),(481,'Juana Valls Ruiz','jefe','London','2012-09-12',2173,9,59),(482,'Inés García Nevado','jefe','41 School Lane','2015-01-15',2504,14,3),(483,'Marianela Pablo Samper','jefe','NW31 7RM','2016-02-16',2286,18,44),(484,'Azahar Solsona','jefe','London','2016-07-16',2168,15,54),(485,'Patricia Leon Grande','jefe','54 Kingsway','2013-09-13',1684,13,44),(486,'Inmaculada Moles-Verdú','jefe','N75 6DC','2020-03-20',2136,14,12),(487,'Piedad Casanova','jefe','London','2017-12-17',2898,8,2),(488,'Dafne Amigó-Arias','jefe','9241 Grove Road','2013-06-13',1108,15,63),(489,'Anabel Tur Llorens','jefe','SE50 2RD','2014-05-14',2230,6,26),(490,'Danilo Jose Antonio Escobar Muro','jefe','London','2017-03-17',2276,12,57),(491,'Aura Salcedo Vigil','cirujano','168 The Green','2018-01-18',2000,16,74),(492,'Ramiro Cepeda Casanova','cirujano','N47 9MT','2019-07-19',2811,17,40),(493,'Nadia Tormo','cirujano','London','2013-07-13',1256,17,38),(494,'Paola González Piquer','cirujano','165 Springfield Road','2015-10-15',1576,18,26),(495,'Remedios Quesada Heredia','cirujano','E03 6OB','2014-06-14',2349,5,29),(496,'Andrés Cortés Fuertes','cirujano','London','2015-07-15',1047,7,7),(497,'María Ángeles Infante-Cabanillas','cirujano','64 South Street','2013-11-13',1849,15,18),(498,'Heliodoro Antonio Baena Tejada','cirujano','W94 3IX','2013-04-13',2728,20,75),(499,'Belen Carballo Lladó','cirujano','London','2018-05-18',2280,2,58),(500,'Quique Márquez Torralba','cirujano','601 London Road','2015-01-15',1127,20,78),(501,'Felicidad Amor Cerdán','cirujano','E98 4TE','2018-04-18',1199,16,67),(502,'Esteban de Serrano','cirujano','London','2015-08-15',1479,17,76),(503,'Eligia Javiera Lladó Pla','cirujano','46 Victoria Street','2020-05-20',2202,14,29),(504,'Nidia Ordóñez Cañas','cirujano','W96 8WX','2013-07-13',2221,15,56),(505,'Adelaida de Egea','cirujano','London','2015-02-15',2083,12,37),(506,'Dalila Torre Amores','cirujano','9 Station Road','2019-06-19',1066,3,63),(507,'Roldán Guardia','cirujano','EC65 7IP','2013-07-13',1925,6,61),(508,'Gabino Barragán Figueroa','cirujano','London','2012-02-12',1338,3,78),(509,'Amanda Chamorro-Vives','cirujano','71 North Street','2019-01-19',2137,11,39),(510,'José Cañas Martinez','cirujano','W85 2FV','2017-02-17',2014,8,41),(511,'Benita Exposito Mínguez','cirujano','London','2016-08-16',2884,12,11),(512,'Nerea de Portero','cirujano','51 Manchester Road','2015-02-15',1849,17,50),(513,'Benjamín de Palau','cirujano','NW17 8IR','2020-01-20',1586,18,75),(514,'Cristina Arranz-Muro','cirujano','London','2016-04-16',1159,3,67),(515,'Lupe Pellicer Marco','cirujano','468 Springfield Road','2020-06-20',2222,8,74),(516,'Cándida Pinedo Dalmau','cirujano','SW96 2IA','2015-04-15',1673,13,7),(517,'Carmelita Antón Escalona','cirujano','London','2012-11-12',2740,8,25),(518,'Felicidad Macias Vall','cirujano','21 Grange Road','2012-06-12',1480,7,24),(519,'Fanny Cortes Palacios','cirujano','SE96 8YE','2018-10-18',1557,8,28),(520,'Eusebio Barros Guardia','jefe','London','2015-12-15',2169,3,1),(521,'Leocadio Requena-Barriga','jefe','95 Highfield Road','2013-01-13',2218,9,33),(522,'Abril Feijoo-Goñi','jefe','N05 7OW','2014-01-14',2691,20,53),(523,'Luciano Agustí López','jefe','London','2018-08-18',1034,12,67),(524,'Carlos Flores Nevado','jefe','953 School Lane','2012-01-12',2157,16,10),(525,'Pastora Galán Mariño','jefe','E64 5WK','2017-03-17',1683,7,33),(526,'Corona Aitana Julián Salvà','jefe','London','2018-04-18',2354,20,50),(527,'Jerónimo Peinado-Morales','jefe','481 Park Road','2019-05-19',2148,4,41),(528,'Nicanor García Perez','jefe','NW10 6DG','2014-09-14',2573,12,6),(529,'Lisandro Guillermo Delgado Porcel','ginecologo','London','2015-03-15',2365,14,1),(530,'Natanael Vallés Prieto','ginecologo','800 Mill Road','2013-04-13',2134,3,45),(531,'Xiomara Sáenz Batalla','ginecologo','NW83 2EN','2019-08-19',1629,14,45),(532,'Santos Zurita Barrio','ginecologo','London','2018-04-18',1641,14,35),(533,'Isidro Rozas Gámez','ginecologo','136 Kingsway','2012-05-12',1053,18,39),(534,'Patricia Raquel Carnero Agullo','ginecologo','N59 6EV','2015-06-15',1245,13,34),(535,'Patricio Alberola Sandoval','ginecologo','London','2018-01-18',2525,4,47),(536,'Bibiana Barrio','ginecologo','26 Grove Road','2013-11-13',2788,2,45),(537,'Lucila del Coronado','ginecologo','EC01 3ZX','2017-11-17',2857,5,15),(538,'Danilo Matas Vicente','ginecologo','London','2020-02-20',2617,3,29),(539,'Duilio Lucas Feliu','ginecologo','34 Manor Road','2014-03-14',2321,3,43),(540,'José Reyes Leal','ginecologo','NW45 6ST','2014-08-14',2231,8,42),(541,'Nicolás Pascual Gabaldón Paniagua','ginecologo','London','2017-09-17',2177,2,76),(542,'Gonzalo Barberá Gimeno','ginecologo','44 School Lane','2014-01-14',1602,18,33),(543,'Marco Sanchez Yuste','ginecologo','W09 2TG','2020-10-20',1825,1,41),(544,'Alejandra Olivera','ginecologo','London','2019-06-19',1272,16,69),(545,'Sandra Leiva Planas','ginecologo','65 Kings Road','2014-09-14',2652,13,17),(546,'Sigfrido Urrutia Vargas','ginecologo','SE57 3KJ','2014-05-14',1909,3,7),(547,'Nydia Ureña Serrano','ginecologo','London','2013-05-13',2572,18,24),(548,'Etelvina Tolosa Exposito','ginecologo','45 Main Road','2012-10-12',1057,15,46),(549,'Adriana Gilabert Bravo','ginecologo','EC64 1KL','2016-03-16',2886,6,57),(550,'Juan José Giménez Calzada','ginecologo','London','2019-02-19',1297,15,45),(551,'Emiliana Marti Manso','ginecologo','710 Richmond Road','2019-05-19',1901,13,31),(552,'Adora Solera Juliá','ginecologo','W56 7HP','2014-01-14',1618,20,28),(553,'Sancho Arregui Ibañez','ginecologo','London','2019-05-19',2774,13,18),(554,'Sonia Pacífica Aranda Durán','ginecologo','95 South Street','2017-12-17',2677,7,56),(555,'Aitor Pelayo Tello','ginecologo','NW58 7WR','2012-03-12',1964,5,37),(556,'Juana Losa Villar','ginecologo','London','2019-04-19',2084,2,32),(557,'Goyo Ríos Guerra','ginecologo','208 Grove Road','2016-12-16',2744,10,35),(558,'Rufino Beltran-Torralba','ginecologo','W43 9QS','2012-10-12',2843,14,47),(559,'Apolonia Pareja Real','ginecologo','London','2015-12-15',1063,17,10),(560,'Herminia Samper Sureda','ginecologo','85 Broadway','2016-05-16',1900,1,52),(561,'Loida Morera','ginecologo','N71 3MK','2020-11-20',2654,9,25),(562,'Milagros Cadenas','ginecologo','London','2020-08-20',1749,3,75),(563,'Ema Saura','ginecologo','877 North Road','2013-02-13',2834,8,53),(564,'Angelino Ibañez Bonet','ginecologo','W93 5YP','2014-10-14',1621,7,15),(565,'Candelas Gutierrez Solana','ginecologo','London','2020-08-20',1701,13,14),(566,'Lucio Figuerola-Lorenzo','ginecologo','1 The Avenue','2014-08-14',2843,12,65),(567,'Benita Ramírez Ribera','ginecologo','W02 8UK','2014-03-14',2311,5,22),(568,'Zaida Tovar Tolosa','ginecologo','London','2012-01-12',2701,14,50),(569,'Héctor Puga Tudela','ginecologo','62 Richmond Road','2015-11-15',1814,8,44),(570,'Adelina Carmona Bayo','ginecologo','W42 9AC','2017-06-17',2171,3,14),(571,'Carmelita Tejedor Casas','ginecologo','London','2018-12-18',1834,9,77),(572,'Bernarda Quero Córdoba','ginecologo','45 The Crescent','2017-10-17',1806,20,13),(573,'Evita Alfaro Miguel','ginecologo','SE53 2CJ','2012-03-12',1940,6,11),(574,'Lidia Reyes Carbajo Pla','ginecologo','London','2014-05-14',1890,6,55),(575,'Carlota Rosell Baños','ginecologo','28 Windsor Road','2014-04-14',1668,9,38),(576,'Fausto Montero Sanmartín','ginecologo','EC06 3FQ','2017-03-17',1100,9,60),(577,'Lalo Castellanos Rueda','ginecologo','London','2014-07-14',2302,6,41),(578,'Sabina Jover-Mendoza','ginecologo','3 St. John’s Road','2015-08-15',2442,8,66),(579,'Nuria Mur','ginecologo','WC80 6TR','2015-09-15',2890,3,44),(580,'Feliciana Gutierrez Mora','ginecologo','London','2016-11-16',2285,3,33),(581,'Jerónimo Vidal Hernandez','ginecologo','22 Church Street','2019-04-19',2451,12,75),(582,'Fortunata Jordán','ginecologo','NW51 4UV','2019-07-19',2139,16,64),(583,'Manu Céspedes Corominas','ginecologo','London','2015-07-15',2884,19,53),(584,'Áurea Guzman','ginecologo','96 The Avenue','2018-01-18',2422,8,58),(585,'Modesta Lledó Izquierdo','ginecologo','SE59 7HT','2016-05-16',2273,7,15),(586,'Telmo Lastra-Cuervo','ginecologo','London','2012-08-12',1152,6,9),(587,'Iris Camino-Briones','ginecologo','5 George Street','2019-12-19',1088,9,17),(588,'Clarisa Belda Cid','doctor','N05 2BR','2018-12-18',2667,11,17),(589,'Petrona Palau Soto','residente','London','2013-10-13',2737,14,25),(590,'Cándido Alcázar Canales','medico','44 Manor Road','2012-05-12',1961,10,30),(591,'Jose Carlos Lopez Lledó','medico','SW74 1UW','2018-03-18',2631,20,13),(592,'Adoración de Casanova','medico','London','2013-05-13',2212,16,64),(593,'Gregorio Salamanca','medico','90 St. John’s Road','2014-10-14',1923,17,40),(594,'Miguel Llopis','medico','E21 5SK','2020-04-20',2548,15,38),(595,'Eutimio Gilberto Pagès Ricart','ginecologo','London','2014-10-14',2076,11,57),(596,'Anita Roca-Soler','ginecologo','82 West Street','2020-09-20',2206,8,15),(597,'Adalberto Gomis-Bello','ginecologo','W06 1LQ','2014-12-14',2276,10,41),(598,'Paz Giner Reig','ginecologo','London','2016-07-16',1005,8,27),(599,'Horacio Cuéllar Escobar','ginecologo','7 Stanley Road','2014-09-14',2191,10,39);
/*!40000 ALTER TABLE `empleados` ENABLE KEYS */;
UNLOCK TABLES;

--
-- Table structure for table `enfermo`
--

DROP TABLE IF EXISTS `enfermo`;
/*!40101 SET @saved_cs_client     = @@character_set_client */;
/*!50503 SET character_set_client = utf8mb4 */;
CREATE TABLE `enfermo` (
  `id` int(11) NOT NULL AUTO_INCREMENT,
  `Incripcion` varchar(100) NOT NULL,
  `Apellido` varchar(190) NOT NULL,
  `Direccion` varchar(200) NOT NULL,
  `edad` int(11) NOT NULL,
  `Sexso` varchar(140) NOT NULL,
  `NSS` int(11) NOT NULL,
  `id_depart` int(11) NOT NULL,
  PRIMARY KEY (`id`),
  KEY `id_depart` (`id_depart`),
  CONSTRAINT `enfermo_ibfk_1` FOREIGN KEY (`id_depart`) REFERENCES `departamento` (`Depart_id`)
) ENGINE=InnoDB AUTO_INCREMENT=599 DEFAULT CHARSET=latin1;
/*!40101 SET character_set_client = @saved_cs_client */;

--
-- Dumping data for table `enfermo`
--

LOCK TABLES `enfermo` WRITE;
/*!40000 ALTER TABLE `enfermo` DISABLE KEYS */;
INSERT INTO `enfermo` VALUES (1,'inscrito','Curro Segarra Peinado','7943 S. Fifth Street',29,'m',164363,69),(2,'inscrito','Clemente Nevado','77 Lyme Street',51,'m',62457,47),(3,'inscrito','Azucena Elías Heredia','9448 Fairfield St.',62,'m',63855,30),(4,'inscrito','Nicolasa Villena-Saura','8143 College St.',61,'m',95920,30),(5,'inscrito','Luis Miguel Amaya','9893 W. Vale Ave.',17,'m',58887,75),(6,'inscrito','Salomé Pla Pons','8094 Albany Drive',21,'m',192587,66),(7,'inscrito','Nazaret Morán Escamilla','9001 Creek Street',53,'m',192440,36),(8,'inscrito','Rafael Edu Zamorano Ochoa','57 Green Drive',69,'m',80189,70),(9,'inscrito','Sergio Salmerón Carreras','86 Surrey St.',37,'m',19212,24),(10,'inscrito','Mamen del Carrasco','8728 Boston Street',22,'m',179116,28),(11,'inscrito','Tecla Aparicio Boada','45 Heritage Ave.',16,'m',47348,63),(12,'inscrito','Amado Rodríguez Girón','9334 Hillside Street',70,'m',139888,1),(13,'inscrito','Jordi Seco Cantón','611 Academy Street',31,'m',119579,51),(14,'inscrito','Manu Vega Girona','7201 Mill Street',34,'m',86661,10),(15,'inscrito','Basilio Riquelme Gordillo','59 Ridgewood Ave.',38,'m',67331,33),(16,'inscrito','Emiliano Marín','270 West Green Lake St.',36,'m',107805,8),(17,'inscrito','Itziar de Castellanos','9481 S. Chestnut St.',56,'m',61533,28),(18,'inscrito','Carmelita del Cabezas','7 N. Annadale Street',17,'m',84413,37),(19,'inscrito','Rufina Ballester Llamas','88 Pheasant Rd.',21,'m',167839,38),(20,'inscrito','Obdulia Escribano','8 Galvin Street',40,'m',23111,5),(21,'inscrito','Eli Montero','9 Marconi Road',62,'m',63779,51),(22,'inscrito','Edelmiro Expósito Colomer','8842 Old Van Dyke Ave.',58,'m',131720,20),(23,'inscrito','Encarnacion Calderón-Olmedo','471 S. Cambridge Drive',35,'m',110492,35),(24,'inscrito','Toribio Aller Parra','9 Military Dr.',55,'m',119102,69),(25,'inscrito','Hugo Tamarit Hoz','8388 Pheasant Street',16,'m',73246,16),(26,'inscrito','Renata del Alberola','221 Dogwood Dr.',34,'m',132620,51),(27,'inscrito','Prudencio Carreras Cobo','911 Charles St.',23,'m',154330,63),(28,'inscrito','Fabio de Arrieta','176 Henry Smith Ave.',21,'m',22396,4),(29,'inscrito','Ciro Hernando Puga Patiño','323 1st St.',61,'m',180290,36),(30,'inscrito','Efraín Anguita Torres','8127 Pawnee Lane',54,'m',22901,13),(31,'inscrito','Claudia Clemente Bertrán','7813 Helen Ave.',45,'m',185242,38),(32,'inscrito','Brunilda Paredes-Fajardo','353 Canterbury Dr.',20,'m',163265,4),(33,'inscrito','Nicolás Moles Colomer','61 Addison Dr.',68,'m',150107,10),(34,'inscrito','Fátima Alemany Puerta','810 West Mill St.',54,'m',128348,44),(35,'inscrito','Gabriela González Robles','51 Mayfair Court',56,'m',43439,11),(36,'inscrito','Norberto Cerdá-Fernández','840 Oak Meadow Ave.',45,'m',57509,29),(37,'inscrito','Mónica Colom Larrea','257 Pheasant Drive',34,'m',60424,13),(38,'inscrito','Eusebio González Figuerola','30 N. Park Avenue',31,'m',24853,12),(39,'inscrito','Isaac del Amaya','850 School St.',34,'m',165153,19),(40,'inscrito','Víctor Gisbert','59 Atlantic Ave.',61,'m',176772,59),(41,'inscrito','Paca Castell Viana','74 Broadway',49,'m',148992,29),(42,'inscrito','Belen Zoraida Baró Lozano','MK9 3EN',49,'m',73623,27),(43,'inscrito','Pastor Fuente Arenas','CREWE',42,'m',22665,8),(44,'inscrito','Amaro Quero Paredes','674 High Street',22,'m',81323,45),(45,'inscrito','Margarita del Coronado','CT76 6OB',35,'m',64127,53),(46,'inscrito','Calixto España Jove','DUNDEE',35,'m',60310,73),(47,'inscrito','Sofía Mulet Benet','35 The Crescent',28,'m',131542,19),(48,'inscrito','Melania Ariadna Barceló Garcés','SE42 3UM',44,'m',52012,71),(49,'inscrito','Albina Dulce Nieto Ferrándiz','DONCASTER',34,'m',85886,44),(50,'inscrito','Pepita Roig','94 The Avenue',48,'m',61334,3),(51,'inscrito','Marcela Leal Montes','BN0 6LJ',50,'m',43618,39),(52,'inscrito','Paloma Salvà Carvajal','STOCKPORT',48,'m',145036,53),(53,'inscrito','Adelia Martí Bello','96 The Green',40,'m',48566,12),(54,'inscrito','Atilio Batalla Rios','WD65 4RB',28,'m',48251,25),(55,'inscrito','Felicia Novoa Cózar','WAKEFIELD',30,'m',68485,52),(56,'inscrito','Petrona Guardia Céspedes','30 Main Road',48,'m',92607,57),(57,'inscrito','Tito Oliveras-Mármol','NW96 2RV',64,'m',192759,64),(58,'inscrito','Urbano Plana Cornejo','SHREWSBURY',30,'m',62379,23),(59,'inscrito','Anselma Rodriguez Bernad','26 North Road',38,'m',20966,80),(60,'inscrito','Adrián Fabra Viña','EC18 9MF',32,'m',117955,63),(61,'inscrito','Nicolasa Becerra Sánchez','LLANDRINDOD WELLS',42,'m',111357,32),(62,'inscrito','Ágata Carbajo Calvo','70 Green Lane',46,'m',72816,29),(63,'inscrito','Pepita Laura Lladó Franch','KA97 3AD',42,'m',54625,73),(64,'inscrito','Noemí Carpio Seco','ROCHESTER',52,'m',109641,55),(65,'inscrito','Edelmira Mosquera Recio','5 Kingsway',39,'m',158853,3),(66,'inscrito','Petrona Fonseca Martínez','WA48 9PQ',29,'m',137709,11),(67,'inscrito','Fernando Peralta Arévalo','BIRMINGHAM',35,'m',166644,48),(68,'inscrito','Ariel Florencio Dávila Aramburu','3 Church Street',29,'m',37453,24),(69,'inscrito','Magdalena Almansa Bayona','CA46 0YA',60,'m',151947,50),(70,'inscrito','Amancio Chuy Cañas Garcia','REDHILL',33,'m',195545,66),(71,'inscrito','Xiomara Albero Palomares','2 Manchester Road',36,'m',84351,59),(72,'inscrito','Moreno del Armas','SA65 3HD',42,'m',28504,69),(73,'inscrito','Mayte Arjona Mir','DUDLEY',31,'m',31914,5),(74,'inscrito','Elena Conde Alonso','9112 St. John’s Road',70,'m',60346,68),(75,'inscrito','Celia Peinado Riquelme','WS53 7IY',34,'m',105679,19),(76,'inscrito','José Mas Diaz','SOUTH WEST LONDON',22,'m',26455,4),(77,'inscrito','Marco del Almansa','76 South Street',27,'m',78870,10),(78,'inscrito','Ariel Martorell Quero','NR38 3VK',34,'m',109486,47),(79,'inscrito','Claudia Ibañez Macías','SHEFFIELD',55,'m',149015,50),(80,'inscrito','Morena Llanos Dalmau','92 Park Avenue',57,'m',169855,17),(81,'inscrito','Tecla Gertrudis Fortuny Santana','WV82 8AJ',57,'m',124966,2),(82,'inscrito','Jose Francisco Martí Crespo','COVENTRY',40,'m',40828,55),(83,'inscrito','Teresita Donaire Prieto','58 Highfield Road',29,'m',123071,18),(84,'inscrito','Sofía Campillo Meléndez','BB91 5XM',38,'m',39005,68),(85,'inscrito','Paola Anastasia Peral Gracia','OUTER HEBRIDES',19,'m',69842,52),(86,'inscrito','Fabián Ojeda Duran','82 Windsor Road',62,'m',57622,5),(87,'inscrito','Pascuala Conde-Amat','PH82 4OY',57,'m',98895,43),(88,'inscrito','Vicente de Manzano','WESTERN CENTRAL LONDON',58,'m',77230,10),(89,'inscrito','Serafina de Suárez','10 Kings Road',34,'m',34122,34),(90,'inscrito','Benita Susanita Segarra Comas','WR45 4AU',48,'m',141024,46),(91,'inscrito','Casemiro Aliaga Arce','MANCHESTER',40,'m',158644,36),(92,'inscrito','Renato Machado Pla','472 Mill Lane',66,'m',119942,12),(93,'inscrito','Desiderio Mendoza Escobar','RG6 1SR',20,'m',88127,17),(94,'inscrito','Gerardo Bernat Barros','TORQUAY',66,'m',68009,7),(95,'inscrito','Hugo Torrecilla Canals','80 Chester Road',51,'m',121098,10),(96,'inscrito','Mamen Ortega Ferrer','HA62 8DU',55,'m',94412,59),(97,'inscrito','Ciríaco del Ruano','PAISLEY',31,'m',186291,70),(98,'inscrito','Reynaldo Gargallo Salcedo','304 Springfield Road',28,'m',63591,12),(99,'inscrito','Blanca Quero Alcántara','BD84 2HP',69,'m',15487,30),(100,'inscrito','Concepción Catalán','CHESTER',58,'m',28487,34),(101,'inscrito','Carolina Bilbao Iñiguez','28 London Road',56,'m',158887,55),(102,'inscrito','Luisina Gonzalez Ferrán','HU74 4ER',40,'m',166207,9),(103,'inscrito','Filomena Larrañaga Andrade','GUILDFORD',38,'m',58858,68),(104,'inscrito','Marta Roldán-Galván','597 New Street',28,'m',58583,50),(105,'inscrito','Alma Valderrama Cortés','DH29 2KQ',36,'m',43563,32),(106,'inscrito','Alcides Viana Benavente','DUMFRIES',16,'m',19019,3),(107,'inscrito','Santiago Garmendia Doménech','41 Victoria Street',56,'m',53815,66),(108,'inscrito','Nerea Torrent-Valverde','LE96 5AZ',62,'m',101911,50),(109,'inscrito','Ángeles del Higueras','CHELMSFORD',34,'m',114267,39),(110,'inscrito','Octavio de Andrés','48 Manor Road',32,'m',157376,2),(111,'inscrito','Eligio Herrero-Canet','L52 8LM',27,'m',31434,14),(112,'inscrito','Elías Carbonell Pareja','SUNDERLAND',52,'m',46449,73),(113,'inscrito','Elvira Olmedo Girona','33 York Road',30,'m',50220,78),(114,'inscrito','Sosimo Landa Aragonés','HD3 3KR',33,'m',77667,1),(115,'inscrito','Clotilde del Osorio','YORK',36,'m',87173,64),(116,'inscrito','Alcides Tello Fernandez','24 Rock Maple Lane',36,'m',38278,31),(117,'inscrito','Sigfrido Simó Benavent','376 South Griffin Street',33,'m',50153,13),(118,'inscrito','Nerea Leon Puga','7172 Halifax St.',58,'m',146872,64),(119,'inscrito','David Ballesteros-Francisco','9530 Homewood St.',31,'m',135561,12),(120,'inscrito','Eva Araceli Marcos Cerdán','3 Sunset Street',66,'m',53727,75),(121,'inscrito','Tecla Conesa','611 Linda Rd.',38,'m',139199,52),(122,'inscrito','Mayte Isern Gárate','7088 South Woodland St.',42,'m',179342,50),(123,'inscrito','Ignacio Bauzà-Torrens','78 Hamilton St.',37,'m',174586,9),(124,'inscrito','Amor Estrada-Querol','7576 S. Prince Ave.',61,'m',20815,41),(125,'inscrito','Gabino Aranda Godoy','8678 Glen Eagles Rd.',29,'m',194665,51),(126,'inscrito','Gerónimo Asenjo','7487 College Rd.',16,'m',63068,13),(127,'inscrito','Enrique Andreu Cueto','8 Westminster Ave.',45,'m',73662,19),(128,'inscrito','Clara Cantón Farré','92 Brickell Drive',53,'m',41521,13),(129,'inscrito','Baudelio Asensio','503 Delaware Street',61,'m',193892,25),(130,'inscrito','Pepita del Grau','34 Anderson Ave.',31,'m',20957,32),(131,'inscrito','Alba Batalla Valls','8388 Water St.',61,'m',130858,74),(132,'inscrito','Bernardino Patiño Aguado','373 Brickyard Avenue',23,'m',174733,68),(133,'inscrito','Esteban Vaquero Dominguez','834 Yukon Lane',39,'m',67874,19),(134,'inscrito','Anacleto Tomás Torrecilla','8324 South St.',18,'m',72674,53),(135,'inscrito','Severino Nicolau Vizcaíno','8 White Ave.',18,'m',85607,19),(136,'inscrito','Corona Feijoo Pi','907 Inverness Dr.',15,'m',185499,80),(137,'inscrito','Rafaela Hurtado Reguera','12 Cypress Avenue',28,'m',90887,65),(138,'inscrito','Zaira Calderón Ariño','7313 Bohemia Street',63,'m',58289,78),(139,'inscrito','Aníbal Acero','8518 Hilldale Lane',28,'m',96529,15),(140,'inscrito','Leocadio Palomo Palomares','190 Sierra St.',64,'m',184739,15),(141,'inscrito','Juan Carlos Delgado Durán','95 Studebaker Street',30,'m',112133,35),(142,'inscrito','Elvira Bravo-Cano','1 Highland Ave.',64,'m',130921,34),(143,'inscrito','Demetrio de Larrañaga','5 West Henry Smith Street',64,'m',102444,32),(144,'inscrito','Hernando Garay','940 E. Primrose Ave.',15,'m',135868,44),(145,'inscrito','Isabela Roma Jurado','8304 Van Dyke Avenue',51,'m',50445,74),(146,'inscrito','Roberto Tomás-Bermúdez','86 Bradford Rd.',45,'m',53351,65),(147,'inscrito','Yolanda Oliva Polo','3 Jefferson Dr.',41,'m',167114,28),(148,'inscrito','Rosendo Pinilla Bustamante','79 Rocky River Ave.',26,'m',103388,60),(149,'inscrito','Vanesa Celia Ibáñez Ferrer','38 Johnson St.',30,'m',87288,77),(150,'inscrito','Albina de Fiol','7652 West Wakehurst Drive',50,'m',115677,60),(151,'inscrito','Georgina Arroyo Araujo','7075 Lake Forest Rd.',18,'m',46219,46),(152,'inscrito','Celestina Rodrigo Hidalgo','619 Pleasant St.',18,'m',77948,26),(153,'inscrito','Felicidad de Bernal','8026 New Saddle St.',34,'m',199978,75),(154,'inscrito','Valeria Almansa-Bárcena','275 Rock Maple Avenue',28,'m',101852,11),(155,'inscrito','Javier Cortina Grau','404 Railroad St.',37,'m',162237,14),(156,'inscrito','Manolo Isidro Ros Salgado','441 Court Dr.',52,'m',192189,8),(157,'inscrito','Concepción Bustamante','9 South Theatre Ave.',38,'m',23818,70),(158,'inscrito','Viviana Tur Asensio','674 Van Dyke Drive',18,'m',98321,18),(159,'inscrito','Emilia Valentín Coello','234 W. Riverside St.',31,'m',176998,36),(160,'inscrito','Bárbara Arcos Cases','916 E. Cactus Ave.',38,'m',154194,47),(161,'inscrito','Martín Giménez Herrera','218 Lake St.',42,'m',116614,55),(162,'inscrito','Gastón Real Barriga','861 Oakland St.',70,'m',20213,78),(163,'inscrito','Estefanía Peñas','8356 Bank Ave.',56,'m',47549,59),(164,'inscrito','Loreto Estrella Viñas Juan','9754 Brookside Street',37,'m',27001,50),(165,'inscrito','Emperatriz Quirós Aguirre','8718 Chapel Drive',24,'m',87513,69),(166,'inscrito','Leocadio Escalona','9029 Bellevue Drive',35,'m',149018,8),(167,'inscrito','Carina Barroso Lopez','277 Halifax Dr.',31,'m',114994,54),(168,'inscrito','Damián Tomas Solís','7889 Chapel Street',51,'m',104845,50),(169,'inscrito','Isaac Vallejo-Coll','487 East 6th St.',53,'m',168057,53),(170,'inscrito','Fernanda Lozano Bastida','51 Coffee St.',61,'m',189932,59),(171,'inscrito','Angélica Diego Cuéllar','9586 Sycamore Dr.',28,'m',135859,28),(172,'inscrito','José Luis Lorenzo Losada','801 SW. Prairie St.',26,'m',22629,76),(173,'inscrito','María Sáenz Azorin','830 High Point Court',31,'m',29899,42),(174,'inscrito','Hernando Olmedo Seguí','791 Silver Spear Street',26,'m',110366,63),(175,'inscrito','Mamen Chacón Crespo','8882 Old Smith Ave.',66,'m',19762,51),(176,'inscrito','Morena Ros Estrada','970 Myers Street',38,'m',147606,39),(177,'inscrito','Berta Mena Rivas','948 Railroad Avenue',64,'m',40019,68),(178,'inscrito','Carmen Alemany Bertrán','San Diego, CA 92114',33,'m',143001,68),(179,'inscrito','Emilia Oliveras Granados','Pico Rivera, CA 90660',63,'m',33377,41),(180,'inscrito','Jaime Santiago Vazquez','Los Angeles, CA 90001',23,'m',170238,42),(181,'inscrito','Clemente de Coloma','Modesto, CA 95350',55,'m',42956,25),(182,'inscrito','Hilda del Tapia','Simi Valley, CA 93065',33,'m',152893,38),(183,'inscrito','Espiridión Abril Marti','Los Angeles, CA 90004',62,'m',79546,25),(184,'inscrito','Porfirio Cal Bru','Folsom, CA 95630',39,'m',13418,41),(185,'inscrito','María Ángeles de Valbuena','Tulare, CA 93274',40,'m',91101,55),(186,'inscrito','Darío Dávila','San Francisco, CA 94109',63,'m',192357,50),(187,'inscrito','Victor Manuel Sedano-Domingo','Tracy, CA 95376',22,'m',45252,60),(188,'inscrito','Marcela Saura','Los Angeles, CA 90066',33,'m',87620,37),(189,'inscrito','Rosalva Carreras Calatayud','Riverside, CA 92509',29,'m',52825,65),(190,'inscrito','Ágata Bermúdez-Espejo','Los Angeles, CA 90026',70,'m',64552,56),(191,'inscrito','Leire Bellido Carmona','Fairfield, CA 94533',65,'m',55782,46),(192,'inscrito','Consuela Emilia Cuenca Cerdán','Sylmar, CA 91342',59,'m',117469,46),(193,'inscrito','Juan Luis Ángel Alemany','Daly City, CA 94015',58,'m',193778,74),(194,'inscrito','Nazaret Garrido Lladó','Van Nuys, CA 91405',47,'m',142135,69),(195,'inscrito','Elena Pons','Victorville, CA 92392',55,'m',34432,47),(196,'inscrito','Pilar Castells Fernández','San Pedro, CA 90731',51,'m',19391,1),(197,'inscrito','José María Jacobo Ojeda Montesinos','San Diego, CA 92115',67,'m',37154,37),(198,'inscrito','Manolo de Pavón','Rancho Cucamonga, CA 91730',60,'m',114364,43),(199,'inscrito','Cándido Beltrán Pino','Union City, CA 94587',60,'m',12913,26),(200,'inscrito','Apolonia del Real','Montebello, CA 90640',27,'m',65907,38),(201,'inscrito','Zoraida Rovira Arce','San Francisco, CA 94122',66,'m',169727,40),(202,'inscrito','Elpidio Pont Expósito','Costa Mesa, CA 92627',19,'m',149425,28),(203,'inscrito','Joan Lobo-Haro','Long Beach, CA 90813',17,'m',136047,38),(204,'inscrito','Nayara Gimeno Velasco','Anaheim, CA 92801',70,'m',15976,61),(205,'inscrito','África del Conde','Alameda, CA 94501',15,'m',25837,47),(206,'inscrito','Ángela Pinedo Vendrell','Oakland, CA 94601',53,'m',168314,65),(207,'inscrito','Joan Fabregat Ochoa','Long Beach, CA 90805',17,'m',196122,24),(208,'inscrito','Cruz Tamayo-Carpio','Merced, CA 95340',67,'m',149365,69),(209,'inscrito','Pascual Pedro Ruiz','Huntington Park, CA 90255',46,'m',140476,59),(210,'inscrito','Melisa Guitart','San Jose, CA 95111',33,'m',71411,76),(211,'inscrito','Anacleto Caballero Ferrera','Santa Ana, CA 92704',70,'m',182574,6),(212,'inscrito','Vicente Calleja','Spring Valley, CA 91977',61,'m',167113,30),(213,'inscrito','Marco Ropero','Salinas, CA 93905',68,'m',150702,79),(214,'inscrito','Cristian Baquero-Cánovas','La Habra, CA 90631',25,'m',154437,8),(215,'inscrito','Josep Reina Prieto','Fontana, CA 92336',21,'m',191391,3),(216,'inscrito','Florinda Anguita-Sancho','Georgetown, ON L7G 9Y7',58,'m',146937,78),(217,'inscrito','Calixta Villaverde Acosta','Donnacona, QC G3M 1C3',34,'m',29933,74),(218,'inscrito','Marisela Milla-Martorell','Manotick, ON K4M 6S8',19,'m',36630,14),(219,'inscrito','Rosendo Almeida Naranjo','Essex, ON N0R 2G6',38,'m',99267,74),(220,'inscrito','Ana Sofía Colomer Martín','Lockport, MB R1B 5H9',41,'m',130804,10),(221,'inscrito','Rolando Caballero Niño','Bonnyville, AB T9N 2P9',52,'m',164476,70),(222,'inscrito','Paola Casanovas-Riba','Petit-Rocher, NB E8J 4K5',54,'m',71404,60),(223,'inscrito','Lupita del Sanjuan','Farnham, QC J2N 4J1',27,'m',127588,13),(224,'inscrito','Modesto Franco Hervia','Winnipeg, MB R2C 4A3',45,'m',102500,12),(225,'inscrito','Modesto Morante','Saint-Raymond, QC G3L 7P7',56,'m',53606,72),(226,'inscrito','Clemente Ferrero Garmendia','St. George, NB E5C 6A9',16,'m',115540,30),(227,'inscrito','Guiomar Ferrera','Port Moody, BC V3H 3N3',26,'m',137821,70),(228,'inscrito','Araceli Borrell-Armas','Delhi, ON N4B 2V1',32,'m',164809,69),(229,'inscrito','Jorge Gutierrez Caparrós','Oromocto, NB E2V 6A5',29,'m',53656,11),(230,'inscrito','Beatriz Mamen Casanovas Ruiz','Belledune, NB E8G 4R8',66,'m',35130,26),(231,'inscrito','Vicenta Rivero Otero','Bouctouche, NB E4S 8M3',28,'m',188458,1),(232,'inscrito','Vicenta Solé-Palma','Caledon, ON L7C 9T6',38,'m',64612,44),(233,'inscrito','Alejandra Beltrán Fuente','Buena Vista, SK S2V 1L1',54,'m',145990,49),(234,'inscrito','Ruperta Casanova Bermúdez','Digby Neck, NS B0V 8H6',43,'m',59253,4),(235,'inscrito','Nicolás Ayala Campoy','Outaouais-Sud, QC J0X 9K0',60,'m',199548,24),(236,'inscrito','Leopoldo del Sáez','Wetaskiwin, AB T9A 7X8',45,'m',66685,18),(237,'inscrito','Haroldo del Hoyos','Steinbach, MB R5G 1B0',29,'m',131830,68),(238,'inscrito','Juanita Pastora Escolano Marí','La Sarre, QC J9Z 2V9',15,'m',42884,39),(239,'inscrito','Jenny Manuel Llorens','Apohaqui, NB E5P 9G5',67,'m',30345,70),(240,'inscrito','Belén Cantero Uría','Lloydminster, SK S9V 5V1',61,'m',152089,5),(241,'inscrito','Candela Grande Arenas','Highlands, BC V9B 9L3',42,'m',124262,80),(242,'inscrito','Socorro Sans Pomares','Saint-Hippolyte, QC J8A 8X2',46,'m',111955,33),(243,'inscrito','Nazaret Antúnez Rios','Chestermere, AB T1X 8K6',69,'m',60644,60),(244,'inscrito','Yago Teruel Palomino','Leduc, AB T9E 6E1',28,'m',169467,34),(245,'inscrito','Lola Crespi Lobato','Vancouver, BC V5K 7G2',32,'m',30588,75),(246,'inscrito','Matías Agudo Ruiz','Esquimalt, BC V9A 7T3',47,'m',84007,15),(247,'inscrito','Luisa Redondo Salom','Coldbrook, NS B4R 8S2',41,'m',122661,7),(248,'inscrito','Isa Trillo Rozas','Windsor, ON N8P 8C9',37,'m',18196,40),(249,'inscrito','Asdrubal Estevez Solís','Kanata, ON K2K 4A8',30,'m',56590,31),(250,'inscrito','Ruth Blázquez Cerro','McAdam, NB E6J 7T4',16,'m',183000,2),(251,'inscrito','Hernando del Nieto','Hanover, ON N4N 0G1',48,'m',45439,39),(252,'inscrito','Silvio Vilanova Amador','Ottawa, ON K1G 0J7',15,'m',77972,79),(253,'inscrito','Damián Andrade','Mississauga, ON L4T 3V7',65,'m',89088,78),(254,'inscrito','Patricio Velasco','Wallaceburg, ON N8A 3M8',47,'m',111420,48),(255,'inscrito','Antonio Mendizábal Sevillano','Windsor, LB A2B 0T8',38,'m',132172,70),(256,'inscrito','Aitana Escudero Hidalgo','Cowansville, QC J2K 8Y0',55,'m',139070,71),(257,'inscrito','Magdalena Castell Rey','Duvernay-Est, QC H7A 4A9',54,'m',173836,59),(258,'inscrito','Baltasar del Giner','Pitt Meadows, BC V3Y 0T2',52,'m',54482,21),(259,'inscrito','Martirio Samper Tena','Amqui, QC G5J 8E3',17,'m',172527,58),(260,'inscrito','Arsenio Haro Ledesma','Enfield, NS B2T 5S6',56,'m',130517,48),(261,'inscrito','Herminia Nevado Pagès','St. Martins, NB E5R 1J6',31,'m',46342,26),(262,'inscrito','Apolonia Luís-Bernat','Stouffville, ON L4A 6L1',50,'m',167188,10),(263,'inscrito','Lina Porcel Bustamante','Kings County, NS B0P 9R3',60,'m',56692,34),(264,'inscrito','José Luis Ferrándiz Cornejo','Fort Saskatchewan, AB T8L 4M9',27,'m',82844,20),(265,'inscrito','Belen Chaparro','Laurentides-Sud, QC J0V 3M7',50,'m',164374,12),(266,'inscrito','Poncio Cerdán','Black Lake, QC G6H 5M3',65,'m',197070,54),(267,'inscrito','Andrés Doménech Almazán','Charny, QC G6X 9G6',24,'m',57880,51),(268,'inscrito','Cecilio Apolinar Salas Alemán','Okotoks, AB T1S 0P8',31,'m',105924,69),(269,'inscrito','Otilia Ropero Macias','Boiestown, NB E6A 0J5',56,'m',17764,27),(270,'inscrito','Severo de Goñi','Port Alberni, BC V9Y 6C7',37,'m',128103,21),(271,'inscrito','Chuy Julián Cabrero','Cochrane, AB T4C 6R2',37,'m',171190,57),(272,'inscrito','Adelia Campo-Bueno','Hampton, NB E5N 2B1',52,'m',69422,45),(273,'inscrito','Anacleto Paniagua-Antúnez','Grand Manan Island, NB E5G 6V4',28,'m',15884,28),(274,'inscrito','Régulo Larrea Pereira','Petawawa, ON K8H 6P6',43,'m',46757,36),(275,'inscrito','Pacífica Guardiola Rosa','Cap-Rouge, QC G1Y 7T2',50,'m',197362,49),(276,'inscrito','Victorino Aramburu','Prince Rupert, BC V8J 9N3',66,'m',189067,26),(277,'inscrito','Bibiana Mata Alcolea','Acton, ON L7J 3T8',32,'m',16675,23),(278,'inscrito','Florentina Grande Quintero','Lac-Megantic, QC G6B 4L9',27,'m',159051,45),(279,'inscrito','Cayetano Coello Fernandez','Innisfail, AB T4G 7N5',15,'m',170637,4),(280,'inscrito','Florinda Gascón Gonzalo','Le Fjord, QC G0T 3E3',35,'m',46263,15),(281,'inscrito','Valeria Ríos','Grande-Anse, NB E8N 7C1',39,'m',23159,48),(282,'inscrito','Blanca Moya Fabregat','Kimberley, BC V1A 5S2',31,'m',129430,28),(283,'inscrito','Soraya Cáceres Marin','St. Albert, AB T8N 8R8',57,'m',194631,10),(284,'inscrito','Rufina Rosselló Sales','Bass River, NB E4T 4R0',70,'m',76367,43),(285,'inscrito','Abril Almazán Gargallo','Parksville, BC V9P 5L2',55,'m',182746,19),(286,'inscrito','Sandalio Pinto Alcázar','La Plaine, QC J7M 5N3',23,'m',78344,35),(287,'inscrito','Urbano Rosselló Llabrés','Leamington, ON N8H 0N3',29,'m',166471,54),(288,'inscrito','Aurelio Ferreras Granados','Strathmore, AB T1P 9V5',48,'m',57947,4),(289,'inscrito','Aroa Pujol Belmonte','Youngs Cove, NB E4C 4K5',70,'m',19866,2),(290,'inscrito','Calista de Abril','Chatham, QC J8G 7X7',58,'m',25173,18),(291,'inscrito','Teófilo Contreras Téllez','Eskasoni, NS B1W 1S9',18,'m',76513,42),(292,'inscrito','Milagros Cabañas','Parry Sound, ON P2A 5R6',66,'m',140430,77),(293,'inscrito','Gonzalo Sans Miró','Lanaudière-Nord, QC J0K 8T8',53,'m',184679,15),(294,'inscrito','Sofía Bou Zamorano','Saint-Colomban, QC J5K 6C2',43,'m',168768,48),(295,'inscrito','Leandro Gabino Cruz Izaguirre','Huntsville, ON P1H 2C9',34,'m',26305,14),(296,'inscrito','Angelina Royo Canals','Lachute, QC J8H 9V1',70,'m',172683,44),(297,'inscrito','Pío Fonseca-Granados','St. Stephen, NB E3L 2A8',70,'m',172234,30),(298,'inscrito','Luis Miguel Cuadrado Gual','Îles-Laval, QC H7Y 1X2',27,'m',65350,48),(299,'inscrito','Blanca Lucas Cortés','Grand Falls, LB A2A 2C6',70,'m',131402,20),(300,'inscrito','José Luis Arévalo','Ville Émard, QC H4E 1K4',69,'m',47037,20),(301,'inscrito','Leonel Sierra Fajardo','Napanee, ON K7R 6V1',28,'m',73373,57),(302,'inscrito','Calixto Palacio Casas','Woodstock, NB E7M 8P6',54,'m',48965,79),(303,'inscrito','Eugenio Pla Alegre','Dorchester, NB E4K 6V5',56,'m',53739,42),(304,'inscrito','Daniela Arana','Greely, ON K4P 4T2',48,'m',24172,57),(305,'inscrito','Amancio Casares Francisco','Boucherville, QC J4B 9T3',29,'m',25087,26),(306,'inscrito','Leopoldo Lamas Vilaplana','Lacombe, AB T4L 0S1',47,'m',26974,12),(307,'inscrito','Pascual del Haro','Labrador City, LB A2V 8L0',64,'m',186605,35),(308,'inscrito','Dionisia Llamas','Grimsby, ON L3M 5X9',32,'m',140289,35),(309,'inscrito','Amada Falcó Llabrés','Cobourg, ON K9A 5G0',24,'m',94053,33),(310,'inscrito','Óscar Enríquez Acedo','Chelsea, QC J9B 5K1',70,'m',87376,27),(311,'inscrito','Cecilio Bastida Seguí','Qualicum Beach, BC V9K 4J5',37,'m',36914,80),(312,'inscrito','Leocadia Aznar Revilla','Dunnville, ON N1A 2R5',23,'m',107880,26),(313,'inscrito','Anabel Iniesta Hierro','Vimont, QC H7M 0J1',24,'m',94685,25),(314,'inscrito','Lilia Narváez Batalla','Port Perry, ON L9L 6K8',23,'m',53451,38),(315,'inscrito','Adriana Egea Luís','Saint Petersburg, FL 33710',62,'m',147430,44),(316,'inscrito','Pepita del Gallart','Miami, FL 33135',57,'m',74878,45),(317,'inscrito','Luis Ángel Téllez Conde','New Port Richey, FL 34653',64,'m',129271,53),(318,'inscrito','Angelina Sanmiguel Gallo','Fort Lauderdale, FL 33312',54,'m',168572,68),(319,'inscrito','Catalina Solé Porras','Tampa, FL 33614',15,'m',65700,29),(320,'inscrito','Manuela Benavides Gálvez','Jacksonville, FL 32205',65,'m',166805,69),(321,'inscrito','Teresa Lastra Serra','Miami, FL 33161',64,'m',71377,43),(322,'inscrito','Marianela Jover Carballo','Bradenton, FL 34205',18,'m',143179,53),(323,'inscrito','Ainara Zaragoza Crespi','Fort Myers, FL 33912',44,'m',183555,35),(324,'inscrito','Claudio Porfirio Francisco Múñiz','Tampa, FL 33624',30,'m',26044,29),(325,'inscrito','Andrés Felipe Cuevas','Opa Locka, FL 33055',60,'m',151765,51),(326,'inscrito','Encarnación Fiol Domingo','Winter Haven, FL 33880',31,'m',16985,3),(327,'inscrito','Fátima de Cisneros','Lake Worth, FL 33460',36,'m',138525,73),(328,'inscrito','Maximino Vigil Morante','Lake Wales, FL 33853',27,'m',198109,16),(329,'inscrito','María Luisa Antúnez Girón','Fort Lauderdale, FL 33309',57,'m',168867,53),(330,'inscrito','Beatriz Bello Godoy','Fort Lauderdale, FL 33322',34,'m',164723,67),(331,'inscrito','Eloísa Rosalina Pont Madrigal','Fort Lauderdale, FL 33319',64,'m',98685,65),(332,'inscrito','Ibán Rios Calvet','Boca Raton, FL 33428',56,'m',83895,33),(333,'inscrito','Rufino Mascaró-Borrell','Hallandale, FL 33009',68,'m',24906,79),(334,'inscrito','Félix Paredes Mulet','Pensacola, FL 32526',23,'m',65784,23),(335,'inscrito','Lucho Aznar','Hollywood, FL 33029',40,'m',121279,72),(336,'inscrito','Encarnacion del Aguiló','Miami, FL 33179',57,'m',25876,60),(337,'inscrito','Juan Bautista de Campos','Miami, FL 33183',21,'m',101795,9),(338,'inscrito','Leonor Ugarte Salas','Pompano Beach, FL 33063',45,'m',134051,19),(339,'inscrito','Hermenegildo de Tolosa','Lakeland, FL 33801',16,'m',33390,26),(340,'inscrito','Lisandro Benavides Barba','Hialeah, FL 33013',36,'m',96025,34),(341,'inscrito','Zacarías Milla Fernandez','West Palm Beach, FL 33411',33,'m',26852,11),(342,'inscrito','Leyre Ponce-Quintana','Jacksonville, FL 32208',59,'m',174580,69),(343,'inscrito','Palmira Moreno Manzanares','Orlando, FL 32812',70,'m',194949,73),(344,'inscrito','Amancio Bermúdez Flor','West Palm Beach, FL 33415',16,'m',139812,65),(345,'inscrito','Baltasar Téllez Vargas','Orlando, FL 32810',61,'m',86302,77),(346,'inscrito','María Fernanda Delia Rovira Taboada','Pompano Beach, FL 33064',23,'m',24662,68),(347,'inscrito','Héctor Galván','Key West, FL 33040',63,'m',147701,71),(348,'inscrito','Matías Rincón-Roldan','Panama City, FL 32404',61,'m',168053,77),(349,'inscrito','Benigno Folch Villaverde','Hollywood, FL 33025',49,'m',31412,71),(350,'inscrito','Ariel Bejarano Gimenez','Winter Springs, FL 32708',58,'m',196041,61),(351,'inscrito','Román Villa Marqués','Miami, FL 33162',47,'m',177458,25),(352,'inscrito','Dimas Ibarra Domínguez','Miami, FL 33175',25,'m',163730,62),(353,'inscrito','Íñigo Pavón Pol','Port Orange, FL 32127',60,'m',95736,33),(354,'inscrito','Fernanda Olivé Garmendia','Tampa, FL 33617',49,'m',18861,1),(355,'inscrito','Norberto Chucho Raya Saldaña','Fort Lauderdale, FL 33321',38,'m',84703,67),(356,'inscrito','Clementina Salcedo Valenzuela','Hollywood, FL 33021',15,'m',24287,34),(357,'inscrito','Brunilda Paredes Vilar','Dunedin, FL 34698',36,'m',79790,38),(358,'inscrito','Ester Gras Talavera','West Palm Beach, FL 33414',57,'m',33526,6),(359,'inscrito','Jonatan del Guzman','Lake Worth, FL 33467',65,'m',122735,40),(360,'inscrito','Susanita Polo Pons','Miami, FL 33196',64,'m',83395,55),(361,'inscrito','Emiliano Galván Madrigal','Orlando, FL 32818',59,'m',59146,48),(362,'inscrito','Palmira Téllez Rosales','Orlando, FL 32839',45,'m',48930,6),(363,'inscrito','Gracia José Puente Belmonte','Brandon, FL 33511',62,'m',89173,2),(364,'inscrito','Ariel Alejo Blázquez Castells','Valrico, FL 33594',39,'m',190349,52),(365,'inscrito','Juan Antonio Solana-Torrijos','Melbourne, FL 32935',55,'m',130472,42),(366,'inscrito','Guiomar Jáuregui Ochoa','Jacksonville, FL 32209',47,'m',74215,60),(367,'inscrito','Mayte Luz Bolaños','Fort Lauderdale, FL 33334',36,'m',30041,66),(368,'inscrito','Florencio López Diez','Jupiter, FL 33458',45,'m',95003,69),(369,'inscrito','Pepito Sedano Pou','Deltona, FL 32738',56,'m',85638,12),(370,'inscrito','Aitana Gelabert Guardiola','Boynton Beach, FL 33435',26,'m',132928,32),(371,'inscrito','Luis Pellicer Fábregas','Fort Lauderdale, FL 33351',62,'m',88657,70),(372,'inscrito','Herminio Pereira Redondo','Palm Harbor, FL 34683',24,'m',133749,9),(373,'inscrito','Primitiva Quintero Sacristán','Homestead, FL 33033',29,'m',143852,26),(374,'inscrito','Evangelina Esparza Mariscal','Orlando, FL 32837',59,'m',37285,16),(375,'inscrito','Celia Aguiló Duran','Boca Raton, FL 33433',26,'m',180643,67),(376,'inscrito','Olivia del Grau','Tampa, FL 33612',41,'m',131284,28),(377,'inscrito','Juan Bautista Valderrama Méndez','Miami, FL 33134',28,'m',102301,33),(378,'inscrito','Carina Cañete Alcolea','Daytona Beach, FL 32119',46,'m',192284,48),(379,'inscrito','Ambrosio Calatayud Revilla','Jacksonville, FL 32257',24,'m',167873,67),(380,'inscrito','Ildefonso de Fajardo','Miami, FL 33165',36,'m',92832,4),(381,'inscrito','Edelmira Baeza-Rodriguez','Miami, FL 33177',50,'m',16943,26),(382,'inscrito','Socorro Castro Agustí','Gainesville, FL 32608',45,'m',38426,57),(383,'inscrito','Calixto Ávila Pintor','Port Saint Lucie, FL 34952',50,'m',27625,12),(384,'inscrito','Severiano de Morán','Tallahassee, FL 32303',69,'m',24929,28),(385,'inscrito','Olimpia Valls Calvet','Tallahassee, FL 32304',34,'m',84769,63),(386,'inscrito','Vito del Lara','Casselberry, FL 32707',28,'m',52900,71),(387,'inscrito','Teodosio Arteaga Nicolau','Miami, FL 33176',54,'m',17116,55),(388,'inscrito','Juan Luis Amorós Calvet','Lake Worth, FL 33463',40,'m',144320,76),(389,'inscrito','Olivia del Martí','Hollywood, FL 33024',44,'m',154393,17),(390,'inscrito','Nicanor Peña Tudela','Hialeah, FL 33018',16,'m',110485,72),(391,'inscrito','Elena Torre Blazquez','Miami, FL 33173',34,'m',117656,20),(392,'inscrito','Adriana Zabala','Miami, FL 33193',23,'m',172076,65),(393,'inscrito','Yésica Carnero','Tampa, FL 33615',68,'m',184984,7),(394,'inscrito','Luis Miguel Gutierrez Llabrés','Jacksonville, FL 32225',62,'m',31524,56),(395,'inscrito','Josué Salom González','Miami, FL 33186',64,'m',55427,28),(396,'inscrito','Montserrat Tomé','Pensacola, FL 32503',15,'m',80696,54),(397,'inscrito','Berta Izaguirre-Coll','Lakeland, FL 33813',25,'m',44020,19),(398,'inscrito','Asunción Arnaiz Castellanos','Sarasota, FL 34231',52,'m',149372,16),(399,'inscrito','Eutimio Gilberto Pagès Ricart','Boynton Beach, FL 33436',28,'m',194997,33),(400,'inscrito','Anita Roca-Soler','Pompano Beach, FL 33068',41,'m',120981,1),(401,'inscrito','Adalberto Gomis-Bello','Orlando, FL 32808',48,'m',172213,23),(402,'inscrito','Paz Giner Reig','Oviedo, FL 32765',31,'m',25446,67),(403,'inscrito','Horacio Cuéllar Escobar','Orlando, FL 32811',22,'m',99398,14),(404,'inscrito','Urbano Real-Tolosa','Cape Coral, FL 33904',16,'m',27716,17),(405,'inscrito','Curro Segarra Peinado','Middleburg, FL 32068',46,'m',133032,25),(406,'inscrito','Clemente Nevado','Jacksonville, FL 32244',62,'m',102345,24),(407,'inscrito','Azucena Elías Heredia','Ormond Beach, FL 32174',21,'m',179754,21),(408,'inscrito','Nicolasa Villena-Saura','Hialeah, FL 33010',48,'m',174894,28),(409,'inscrito','Luis Miguel Amaya','Miami, FL 33157',30,'m',138081,34),(410,'inscrito','Salomé Pla Pons','Altamonte Springs, FL 32714',29,'m',133660,43),(411,'inscrito','Nazaret Morán Escamilla','Orlando, FL 32825',39,'m',89229,45),(412,'inscrito','Rafael Edu Zamorano Ochoa','Fort Lauderdale, FL 33317',28,'m',174389,63),(413,'inscrito','Sergio Salmerón Carreras','Tampa, FL 33610',43,'m',186372,61),(414,'inscrito','Mamen del Carrasco','Miami, FL 33155',32,'m',182884,55),(415,'inscrito','Tecla Aparicio Boada','Deltona, FL 32725',36,'m',148108,35),(416,'inscrito','Amado Rodríguez Girón','Palm Bay, FL 32907',30,'m',162460,69),(417,'inscrito','Jordi Seco Cantón','Tampa, FL 33604',55,'m',70308,18),(418,'inscrito','Manu Vega Girona','Jacksonville, FL 32224',55,'m',181616,22),(419,'inscrito','Basilio Riquelme Gordillo','Saint Petersburg, FL 33713',55,'m',103483,25),(420,'inscrito','Emiliano Marín','Fort Lauderdale, FL 33313',18,'m',199909,60),(421,'inscrito','Itziar de Castellanos','Venice, FL 34293',30,'m',49256,21),(422,'inscrito','Carmelita del Cabezas','Orlando, FL 32835',37,'m',89567,76),(423,'inscrito','Rufina Ballester Llamas','Jacksonville, FL 32246',67,'m',116605,45),(424,'inscrito','Obdulia Escribano','Hollywood, FL 33023',61,'m',44901,16),(425,'inscrito','Eli Montero','Jacksonville, FL 32211',44,'m',46058,79),(426,'inscrito','Edelmiro Expósito Colomer','Opa Locka, FL 33056',42,'m',42993,53),(427,'inscrito','Encarnacion Calderón-Olmedo','Miami Beach, FL 33141',58,'m',30543,71),(428,'fallo inscripcion','Toribio Aller Parra','Pompano Beach, FL 33065',40,'m',113925,2),(429,'fallo inscripcion','Hugo Tamarit Hoz','Miami, FL 33125',24,'m',93180,3),(430,'fallo inscripcion','Renata del Alberola','Miami, FL 33172',69,'m',20206,7),(431,'fallo inscripcion','Prudencio Carreras Cobo','Tallahassee, FL 32308',68,'m',57515,70),(432,'fallo inscripcion','Fabio de Arrieta','Sarasota, FL 34232',39,'m',153510,5),(433,'fallo inscripcion','Ciro Hernando Puga Patiño','Miami, FL 33126',26,'m',133420,38),(434,'fallo inscripcion','Efraín Anguita Torres','Arcadia, FL 34266',46,'m',64194,6),(435,'fallo inscripcion','Claudia Clemente Bertrán','Daytona Beach, FL 32114',36,'m',103028,38),(436,'fallo inscripcion','Brunilda Paredes-Fajardo','Miami, FL 33142',50,'m',41241,62),(437,'fallo inscripcion','Nicolás Moles Colomer','Riverview, FL 33569',35,'m',171350,60),(438,'fallo inscripcion','Fátima Alemany Puerta','Leesburg, FL 34748',56,'m',125293,59),(439,'fallo inscripcion','Gabriela González Robles','Hialeah, FL 33015',53,'m',191665,58),(440,'fallo inscripcion','Norberto Cerdá-Fernández','Hialeah, FL 33014',27,'m',64256,34),(441,'fallo inscripcion','Mónica Colom Larrea','Fort Lauderdale, FL 33311',42,'m',89034,48),(442,'fallo inscripcion','Eusebio González Figuerola','Pensacola, FL 32514',23,'m',76517,38),(443,'fallo inscripcion','Isaac del Amaya','Hialeah, FL 33012',44,'m',118567,17),(444,'fallo inscripcion','Víctor Gisbert','Winter Park, FL 32792',65,'m',129859,47),(445,'fallo inscripcion','Paca Castell Viana','Palmetto, FL 34221',70,'m',154930,75),(446,'fallo inscripcion','Belen Zoraida Baró Lozano','Jacksonville, FL 32207',58,'m',181977,16),(447,'fallo inscripcion','Pastor Fuente Arenas','Clermont, FL 34711',19,'m',57496,18),(448,'fallo inscripcion','Amaro Quero Paredes','Kissimmee, FL 34741',18,'m',16936,22),(449,'fallo inscripcion','Margarita del Coronado','Sanford, FL 32771',61,'m',136479,46),(450,'fallo inscripcion','Calixto España Jove','Pensacola, FL 32506',39,'m',138333,57),(451,'fallo inscripcion','Sofía Mulet Benet','Pompano Beach, FL 33071',70,'m',163407,40),(452,'fallo inscripcion','Melania Ariadna Barceló Garcés','Suite 3',19,'m',173800,43),(453,'fallo inscripcion','Albina Dulce Nieto Ferrándiz','231 Marsh Lane',68,'m',194937,55),(454,'fallo inscripcion','Pepita Roig','2 West Vine St.',31,'m',103956,3),(455,'fallo inscripcion','Marcela Leal Montes','62 Homewood Street',27,'m',107086,71),(456,'fallo inscripcion','Paloma Salvà Carvajal','95 Delaware Dr.',27,'m',101634,46),(457,'fallo inscripcion','Adelia Martí Bello','8133 Sycamore Street',27,'m',170694,7),(458,'fallo inscripcion','Atilio Batalla Rios','8546 Ketch Harbour Ave.',32,'m',87790,12),(459,'fallo inscripcion','Felicia Novoa Cózar','8683 South Drive',29,'m',169909,69),(460,'fallo inscripcion','Petrona Guardia Céspedes','17 Silver Spear Drive',26,'m',21892,64),(461,'fallo inscripcion','Tito Oliveras-Mármol','60 Lower River St.',45,'m',166635,21),(462,'fallo inscripcion','Urbano Plana Cornejo','9661 Aspen St.',27,'m',147529,37),(463,'fallo inscripcion','Anselma Rodriguez Bernad','265 Mill Pond Dr.',45,'m',107411,22),(464,'fallo inscripcion','Adrián Fabra Viña','7440 Cherry Hill Court',19,'m',50339,52),(465,'fallo inscripcion','Nicolasa Becerra Sánchez','8958 Golf St.',51,'m',27865,65),(466,'fallo inscripcion','Ágata Carbajo Calvo','654 S. Jones Street',54,'m',125582,10),(467,'fallo inscripcion','Pepita Laura Lladó Franch','735 E. Newbridge St.',42,'m',122540,69),(468,'fallo inscripcion','Noemí Carpio Seco','607 Cherry Hill Street',56,'m',167709,75),(469,'fallo inscripcion','Edelmira Mosquera Recio','732 Prince Lane',48,'m',62668,30),(470,'fallo inscripcion','Petrona Fonseca Martínez','27 Grandrose Ave.',47,'m',123960,39),(471,'fallo inscripcion','Fernando Peralta Arévalo','895 Sleepy Hollow St.',24,'m',170483,44),(472,'fallo inscripcion','Ariel Florencio Dávila Aramburu','767 North Miller St.',64,'m',174897,42),(473,'fallo inscripcion','Magdalena Almansa Bayona','7049 Water Road',34,'m',43962,34),(474,'fallo inscripcion','Amancio Chuy Cañas Garcia','17 South Court',68,'m',196017,78),(475,'fallo inscripcion','Xiomara Albero Palomares','9198 West Grant Street',52,'m',183726,65),(476,'fallo inscripcion','Moreno del Armas','50 Lawrence Rd.',25,'m',163907,43),(477,'fallo inscripcion','Mayte Arjona Mir','858 Race St.',25,'m',66558,77),(478,'fallo inscripcion','Elena Conde Alonso','93 East Longbranch Dr.',18,'m',186243,21),(479,'fallo inscripcion','Celia Peinado Riquelme','19 Victoria Street',37,'m',129991,14),(480,'fallo inscripcion','José Mas Diaz','NW48 5MP',29,'m',43140,16),(481,'fallo inscripcion','Marco del Almansa','London',49,'m',85382,53),(482,'fallo inscripcion','Ariel Martorell Quero','41 School Lane',40,'m',71635,64),(483,'fallo inscripcion','Claudia Ibañez Macías','NW31 7RM',24,'m',161729,24),(484,'fallo inscripcion','Morena Llanos Dalmau','London',51,'m',70436,20),(485,'fallo inscripcion','Tecla Gertrudis Fortuny Santana','54 Kingsway',45,'m',142299,52),(486,'inscrito','Jose Francisco Martí Crespo','N75 6DC',48,'m',32402,12),(487,'inscrito','Teresita Donaire Prieto','London',29,'m',58714,12),(488,'inscrito','Sofía Campillo Meléndez','9241 Grove Road',30,'m',191532,27),(489,'inscrito','Paola Anastasia Peral Gracia','SE50 2RD',37,'m',95484,35),(490,'inscrito','Fabián Ojeda Duran','London',20,'m',23306,57),(491,'inscrito','Pascuala Conde-Amat','168 The Green',21,'m',18592,49),(492,'inscrito','Vicente de Manzano','N47 9MT',53,'m',149308,22),(493,'inscrito','Serafina de Suárez','London',50,'m',97605,54),(494,'inscrito','Benita Susanita Segarra Comas','165 Springfield Road',62,'m',132283,28),(495,'inscrito','Casemiro Aliaga Arce','E03 6OB',38,'m',105679,73),(496,'inscrito','Renato Machado Pla','London',38,'m',145823,51),(497,'inscrito','Desiderio Mendoza Escobar','64 South Street',68,'m',84490,21),(498,'inscrito','Gerardo Bernat Barros','W94 3IX',40,'m',25608,47),(499,'inscrito','Hugo Torrecilla Canals','London',44,'m',52810,47),(500,'inscrito','Mamen Ortega Ferrer','601 London Road',43,'m',152468,26),(501,'inscrito','Ciríaco del Ruano','E98 4TE',27,'m',63857,64),(502,'inscrito','Reynaldo Gargallo Salcedo','London',37,'m',190083,43),(503,'inscrito','Blanca Quero Alcántara','46 Victoria Street',32,'m',193017,21),(504,'inscrito','Concepción Catalán','W96 8WX',28,'m',76149,44),(505,'inscrito','Carolina Bilbao Iñiguez','London',59,'m',170598,50),(506,'inscrito','Luisina Gonzalez Ferrán','9 Station Road',17,'m',67407,52),(507,'inscrito','Filomena Larrañaga Andrade','EC65 7IP',47,'m',129027,64),(508,'inscrito','Marta Roldán-Galván','London',46,'m',163652,5),(509,'inscrito','Alma Valderrama Cortés','71 North Street',19,'m',73429,23),(510,'inscrito','Alcides Viana Benavente','W85 2FV',61,'m',16441,56),(511,'inscrito','Santiago Garmendia Doménech','London',16,'m',158326,13),(512,'inscrito','Nerea Torrent-Valverde','51 Manchester Road',60,'m',189524,30),(513,'inscrito','Ángeles del Higueras','NW17 8IR',17,'m',73304,7),(514,'inscrito','Octavio de Andrés','London',50,'m',109770,75),(515,'inscrito','Eligio Herrero-Canet','468 Springfield Road',52,'m',101298,26),(516,'inscrito','Elías Carbonell Pareja','SW96 2IA',60,'m',82417,64),(517,'inscrito','Elvira Olmedo Girona','London',52,'m',71432,55),(518,'inscrito','Sosimo Landa Aragonés','21 Grange Road',36,'m',27715,14),(519,'inscrito','Clotilde del Osorio','SE96 8YE',23,'m',78392,45),(520,'inscrito','Alcides Tello Fernandez','London',36,'m',156076,28),(521,'inscrito','Sigfrido Simó Benavent','95 Highfield Road',26,'m',90763,60),(522,'inscrito','Nerea Leon Puga','N05 7OW',34,'m',34553,15),(523,'inscrito','David Ballesteros-Francisco','London',52,'m',111279,7),(524,'inscrito','Eva Araceli Marcos Cerdán','953 School Lane',39,'m',177646,29),(525,'inscrito','Tecla Conesa','E64 5WK',30,'m',199046,67),(526,'inscrito','Mayte Isern Gárate','London',31,'m',80428,10),(527,'inscrito','Ignacio Bauzà-Torrens','481 Park Road',18,'m',121290,46),(528,'inscrito','Amor Estrada-Querol','NW10 6DG',17,'m',162785,73),(529,'inscrito','Gabino Aranda Godoy','London',64,'m',179859,27),(530,'inscrito','Gerónimo Asenjo','800 Mill Road',47,'m',199298,63),(531,'inscrito','Enrique Andreu Cueto','NW83 2EN',19,'m',64225,5),(532,'inscrito','Clara Cantón Farré','London',53,'m',31270,57),(533,'inscrito','Baudelio Asensio','136 Kingsway',44,'m',95348,76),(534,'inscrito','Pepita del Grau','N59 6EV',28,'m',175250,17),(535,'inscrito','Alba Batalla Valls','London',29,'m',54568,71),(536,'inscrito','Bernardino Patiño Aguado','26 Grove Road',70,'m',182724,20),(537,'inscrito','Esteban Vaquero Dominguez','EC01 3ZX',46,'m',182257,2),(538,'inscrito','Anacleto Tomás Torrecilla','London',61,'m',118294,16),(539,'inscrito','Severino Nicolau Vizcaíno','34 Manor Road',35,'f',34434,9),(540,'inscrito','Corona Feijoo Pi','NW45 6ST',53,'f',137582,33),(541,'inscrito','Rafaela Hurtado Reguera','London',67,'f',191717,67),(542,'inscrito','Zaira Calderón Ariño','44 School Lane',17,'f',153094,62),(543,'inscrito','Aníbal Acero','W09 2TG',28,'f',103415,17),(544,'inscrito','Leocadio Palomo Palomares','London',46,'f',70334,67),(545,'inscrito','Juan Carlos Delgado Durán','65 Kings Road',53,'f',115555,23),(546,'inscrito','Elvira Bravo-Cano','SE57 3KJ',43,'f',129278,15),(547,'inscrito','Demetrio de Larrañaga','London',51,'f',84312,14),(548,'inscrito','Hernando Garay','45 Main Road',40,'f',49013,70),(549,'inscrito','Isabela Roma Jurado','EC64 1KL',65,'f',175150,71),(550,'inscrito','Roberto Tomás-Bermúdez','London',38,'f',23951,6),(551,'inscrito','Yolanda Oliva Polo','710 Richmond Road',40,'f',131701,78),(552,'inscrito','Rosendo Pinilla Bustamante','W56 7HP',56,'f',61339,50),(553,'inscrito','Vanesa Celia Ibáñez Ferrer','London',23,'f',184042,39),(554,'inscrito','Albina de Fiol','95 South Street',59,'f',45243,45),(555,'inscrito','Georgina Arroyo Araujo','NW58 7WR',68,'f',176972,69),(556,'inscrito','Celestina Rodrigo Hidalgo','London',47,'f',35715,46),(557,'inscrito','Felicidad de Bernal','208 Grove Road',29,'f',140739,60),(558,'inscrito','Valeria Almansa-Bárcena','W43 9QS',51,'f',167192,2),(559,'inscrito','Javier Cortina Grau','London',42,'f',152247,75),(560,'inscrito','Manolo Isidro Ros Salgado','85 Broadway',51,'f',162296,52),(561,'inscrito','Concepción Bustamante','N71 3MK',40,'f',127138,36),(562,'inscrito','Viviana Tur Asensio','London',25,'f',138225,33),(563,'inscrito','Emilia Valentín Coello','877 North Road',20,'f',101079,18),(564,'inscrito','Bárbara Arcos Cases','W93 5YP',30,'f',128018,50),(565,'inscrito','Martín Giménez Herrera','London',23,'f',13308,68),(566,'inscrito','Gastón Real Barriga','1 The Avenue',27,'f',144675,69),(567,'inscrito','Estefanía Peñas','W02 8UK',56,'f',112395,42),(568,'inscrito','Loreto Estrella Viñas Juan','London',18,'f',123409,44),(569,'inscrito','Emperatriz Quirós Aguirre','62 Richmond Road',26,'f',60284,55),(570,'inscrito','Leocadio Escalona','W42 9AC',63,'f',96832,77),(571,'inscrito','Carina Barroso Lopez','London',62,'f',102823,28),(572,'inscrito','Damián Tomas Solís','45 The Crescent',61,'f',186941,8),(573,'inscrito','Isaac Vallejo-Coll','SE53 2CJ',37,'f',171175,53),(574,'inscrito','Fernanda Lozano Bastida','London',32,'f',18740,40),(575,'inscrito','Angélica Diego Cuéllar','28 Windsor Road',34,'f',174432,51),(576,'inscrito','José Luis Lorenzo Losada','EC06 3FQ',30,'f',185240,4),(577,'inscrito','María Sáenz Azorin','London',49,'f',30019,34),(578,'inscrito','Hernando Olmedo Seguí','3 St. John’s Road',32,'f',72815,36),(579,'inscrito','Mamen Chacón Crespo','WC80 6TR',37,'f',130831,5),(580,'inscrito','Morena Ros Estrada','London',15,'f',61003,48),(581,'inscrito','Berta Mena Rivas','22 Church Street',69,'f',80966,56),(582,'inscrito','Carmen Alemany Bertrán','NW51 4UV',57,'f',194679,62),(583,'inscrito','Emilia Oliveras Granados','London',46,'m',116514,6),(584,'inscrito','Jaime Santiago Vazquez','96 The Avenue',23,'m',179170,79),(585,'inscrito','Clemente de Coloma','SE59 7HT',36,'m',47776,23),(586,'inscrito','Hilda del Tapia','London',68,'m',186464,10),(587,'inscrito','Espiridión Abril Marti','5 George Street',44,'m',89295,62),(588,'inscrito','Porfirio Cal Bru','N05 2BR',37,'m',180112,41),(589,'inscrito','María Ángeles de Valbuena','London',51,'m',159660,74),(590,'inscrito','Darío Dávila','44 Manor Road',50,'m',87990,74),(591,'inscrito','Victor Manuel Sedano-Domingo','SW74 1UW',27,'m',140413,24),(592,'inscrito','Marcela Saura','London',37,'m',188521,47),(593,'inscrito','Rosalva Carreras Calatayud','90 St. John’s Road',44,'m',58996,51),(594,'inscrito','Ágata Bermúdez-Espejo','E21 5SK',59,'m',197606,74),(595,'inscrito','Leire Bellido Carmona','London',45,'m',127874,78),(596,'inscrito','Consuela Emilia Cuenca Cerdán','82 West Street',56,'m',99138,40),(597,'inscrito','Juan Luis Ángel Alemany','W06 1LQ',18,'m',121933,5),(598,'inscrito','Nazaret Garrido Lladó','London',18,'m',38952,35);
/*!40000 ALTER TABLE `enfermo` ENABLE KEYS */;
UNLOCK TABLES;
/*!40103 SET TIME_ZONE=@OLD_TIME_ZONE */;

/*!40101 SET SQL_MODE=@OLD_SQL_MODE */;
/*!40014 SET FOREIGN_KEY_CHECKS=@OLD_FOREIGN_KEY_CHECKS */;
/*!40014 SET UNIQUE_CHECKS=@OLD_UNIQUE_CHECKS */;
/*!40101 SET CHARACTER_SET_CLIENT=@OLD_CHARACTER_SET_CLIENT */;
/*!40101 SET CHARACTER_SET_RESULTS=@OLD_CHARACTER_SET_RESULTS */;
/*!40101 SET COLLATION_CONNECTION=@OLD_COLLATION_CONNECTION */;
/*!40111 SET SQL_NOTES=@OLD_SQL_NOTES */;

-- Dump completed on 2022-12-04 17:04:11
